date,origin,destination,vessel_class,freight_rate,congestion,weather_alert,geopolitics_index,fuel_cost
2026-07-24,HAMP,PRDP,capesize,17.19,14,False,7.857933752601145,650.1580325409932
2026-07-25,HAMP,PRDP,capesize,15.32,13,False,7.648607087401006,643.6993625429313
2026-07-26,HAMP,PRDP,capesize,16.34,15,False,9.48739650657773,666.3491743004884
2026-07-27,HAMP,PRDP,capesize,18.19,20,False,6.339717159690389,625.3830005804758
2026-07-28,HAMP,PRDP,capesize,16.19,14,False,13.823379410280848,600.2245213927703
2026-07-29,HAMP,PRDP,capesize,17.05,14,False,10.999471758679805,615.7003025948536
2026-07-30,HAMP,PRDP,capesize,17.66,18,False,9.081215186368148,801.9233444630702
2026-07-31,HAMP,PRDP,capesize,16.54,19,False,10.375968260059185,685.1256561704948
2026-08-01,HAMP,PRDP,capesize,14.71,19,False,8.714318396303055,597.2252481544682
2026-08-02,HAMP,PRDP,capesize,14.65,22,False,10.214771465960919,460.3024253486705
2026-08-03,HAMP,PRDP,capesize,14.85,21,False,11.569790220698698,553.8247891861207
2026-08-04,HAMP,PRDP,capesize,16.12,19,False,8.399652378701541,573.8401285326722
2026-08-05,HAMP,PRDP,capesize,15.45,19,False,10.70322555663385,660.8233244740196
2026-08-06,HAMP,PRDP,capesize,13.35,17,False,9.759701592582235,538.2291589607162
2026-08-07,HAMP,PRDP,capesize,14.22,18,False,11.592633261271667,507.85381984716355
2026-08-08,HAMP,PRDP,capesize,15.0,15,False,8.65274677675557,678.0639728104558
2026-08-09,HAMP,PRDP,capesize,14.98,18,False,8.07208347233476,573.6813220183258
2026-08-10,HAMP,PRDP,capesize,14.3,17,False,7.318236661990078,597.5506476736691
2026-08-11,HAMP,PRDP,capesize,13.48,16,False,5.201960016844685,448.35294278647814
2026-08-12,HAMP,PRDP,capesize,14.55,19,False,9.914378070768977,470.7183215617164
2026-08-13,HAMP,PRDP,capesize,15.63,15,False,8.613419996265316,549.3890900381006
2026-08-14,HAMP,PRDP,capesize,15.29,16,False,10.363077681411916,558.2667705526875
2026-08-15,HAMP,PRDP,capesize,15.8,14,False,8.783518570955236,586.0103893739373
2026-08-16,HAMP,PRDP,capesize,17.29,17,False,10.46295257659717,635.1381075714971
2026-08-17,HAMP,PRDP,capesize,16.08,21,False,9.230343145876686,575.3012677199996
2026-08-18,HAMP,PRDP,capesize,14.77,18,False,9.477166774348559,439.9290845761742
2026-08-19,HAMP,PRDP,capesize,14.29,16,False,6.930783524367142,509.9020504171288
2026-08-20,HAMP,PRDP,capesize,17.23,16,False,8.653165329792753,572.7570492397053
2026-08-21,HAMP,PRDP,capesize,15.36,18,False,11.413373552828608,572.0630153374796
2026-08-22,HAMP,PRDP,capesize,16.23,17,False,12.578287584940995,576.1659781245057
2026-08-23,HAMP,PRDP,capesize,14.96,20,False,12.942797865547162,546.5441911006317
2026-08-24,HAMP,PRDP,capesize,15.67,18,False,7.891776936307455,581.0035894107082
2026-08-25,HAMP,PRDP,capesize,17.82,16,False,8.321459095058675,554.5682072222411
2026-08-26,HAMP,PRDP,capesize,15.44,16,False,9.105959862787067,569.0879281257774
2026-08-27,HAMP,PRDP,capesize,15.93,17,False,9.165507498765917,582.2345670206992
2026-08-28,HAMP,PRDP,capesize,16.18,17,False,8.994738171984546,570.0667697902492
2026-07-24,HAMP,PRDP,handysize,34.49,14,False,7.857933752601145,650.1580325409932
2026-07-25,HAMP,PRDP,handysize,30.84,13,False,7.648607087401006,643.6993625429313
2026-07-26,HAMP,PRDP,handysize,32.86,15,False,9.48739650657773,666.3491743004884
2026-07-27,HAMP,PRDP,handysize,36.39,20,False,6.339717159690389,625.3830005804758
2026-07-28,HAMP,PRDP,handysize,32.45,14,False,13.823379410280848,600.2245213927703
2026-07-29,HAMP,PRDP,handysize,34.14,14,False,10.999471758679805,615.7003025948536
2026-07-30,HAMP,PRDP,handysize,35.67,18,False,9.081215186368148,801.9233444630702
2026-07-31,HAMP,PRDP,handysize,33.27,19,False,10.375968260059185,685.1256561704948
2026-08-01,HAMP,PRDP,handysize,29.58,19,False,8.714318396303055,597.2252481544682
2026-08-02,HAMP,PRDP,handysize,29.21,22,False,10.214771465960919,460.3024253486705
2026-08-03,HAMP,PRDP,handysize,29.78,21,False,11.569790220698698,553.8247891861207
2026-08-04,HAMP,PRDP,handysize,32.27,19,False,8.399652378701541,573.8401285326722
2026-08-05,HAMP,PRDP,handysize,31.11,19,False,10.70322555663385,660.8233244740196
2026-08-06,HAMP,PRDP,handysize,26.83,17,False,9.759701592582235,538.2291589607162
2026-08-07,HAMP,PRDP,handysize,28.47,18,False,11.592633261271667,507.85381984716355
2026-08-08,HAMP,PRDP,handysize,30.28,15,False,8.65274677675557,678.0639728104558
2026-08-09,HAMP,PRDP,handysize,30.06,18,False,8.07208347233476,573.6813220183258
2026-08-10,HAMP,PRDP,handysize,28.79,17,False,7.318236661990078,597.5506476736691
2026-08-11,HAMP,PRDP,handysize,26.93,16,False,5.201960016844685,448.35294278647814
2026-08-12,HAMP,PRDP,handysize,29.03,19,False,9.914378070768977,470.7183215617164
2026-08-13,HAMP,PRDP,handysize,31.27,15,False,8.613419996265316,549.3890900381006
2026-08-14,HAMP,PRDP,handysize,30.63,16,False,10.363077681411916,558.2667705526875
2026-08-15,HAMP,PRDP,handysize,31.67,14,False,8.783518570955236,586.0103893739373
2026-08-16,HAMP,PRDP,handysize,34.65,17,False,10.46295257659717,635.1381075714971
2026-08-17,HAMP,PRDP,handysize,32.19,21,False,9.230343145876686,575.3012677199996
2026-08-18,HAMP,PRDP,handysize,29.43,18,False,9.477166774348559,439.9290845761742
2026-08-19,HAMP,PRDP,handysize,28.61,16,False,6.930783524367142,509.9020504171288
2026-08-20,HAMP,PRDP,handysize,34.43,16,False,8.653165329792753,572.7570492397053
2026-08-21,HAMP,PRDP,handysize,30.78,18,False,11.413373552828608,572.0630153374796
2026-08-22,HAMP,PRDP,handysize,32.48,17,False,12.578287584940995,576.1659781245057
2026-08-23,HAMP,PRDP,handysize,29.96,20,False,12.942797865547162,546.5441911006317
2026-08-24,HAMP,PRDP,handysize,31.42,18,False,7.891776936307455,581.0035894107082
2026-08-25,HAMP,PRDP,handysize,35.53,16,False,8.321459095058675,554.5682072222411
2026-08-26,HAMP,PRDP,handysize,30.94,16,False,9.105959862787067,569.0879281257774
2026-08-27,HAMP,PRDP,handysize,31.92,17,False,9.165507498765917,582.2345670206992
2026-08-28,HAMP,PRDP,handysize,32.38,17,False,8.994738171984546,570.0667697902492
2026-07-24,HAMP,PRDP,panamax,22.92,14,False,7.857933752601145,650.1580325409932
2026-07-25,HAMP,PRDP,panamax,20.46,13,False,7.648607087401006,643.6993625429313
2026-07-26,HAMP,PRDP,panamax,21.82,15,False,9.48739650657773,666.3491743004884
2026-07-27,HAMP,PRDP,panamax,24.21,20,False,6.339717159690389,625.3830005804758
2026-07-28,HAMP,PRDP,panamax,21.58,14,False,13.823379410280848,600.2245213927703
2026-07-29,HAMP,PRDP,panamax,22.71,14,False,10.999471758679805,615.7003025948536
2026-07-30,HAMP,PRDP,panamax,23.63,18,False,9.081215186368148,801.9233444630702
2026-07-31,HAMP,PRDP,panamax,22.08,19,False,10.375968260059185,685.1256561704948
2026-08-01,HAMP,PRDP,panamax,19.64,19,False,8.714318396303055,597.2252481544682
2026-08-02,HAMP,PRDP,panamax,19.48,22,False,10.214771465960919,460.3024253486705
2026-08-03,HAMP,PRDP,panamax,19.8,21,False,11.569790220698698,553.8247891861207
2026-08-04,HAMP,PRDP,panamax,21.47,19,False,8.399652378701541,573.8401285326722
2026-08-05,HAMP,PRDP,panamax,20.64,19,False,10.70322555663385,660.8233244740196
2026-08-06,HAMP,PRDP,panamax,17.83,17,False,9.759701592582235,538.2291589607162
2026-08-07,HAMP,PRDP,panamax,18.95,18,False,11.592633261271667,507.85381984716355
2026-08-08,HAMP,PRDP,panamax,20.07,15,False,8.65274677675557,678.0639728104558
2026-08-09,HAMP,PRDP,panamax,19.99,18,False,8.07208347233476,573.6813220183258
2026-08-10,HAMP,PRDP,panamax,19.1,17,False,7.318236661990078,597.5506476736691
2026-08-11,HAMP,PRDP,panamax,17.94,16,False,5.201960016844685,448.35294278647814
2026-08-12,HAMP,PRDP,panamax,19.35,19,False,9.914378070768977,470.7183215617164
2026-08-13,HAMP,PRDP,panamax,20.81,15,False,8.613419996265316,549.3890900381006
2026-08-14,HAMP,PRDP,panamax,20.37,16,False,10.363077681411916,558.2667705526875
2026-08-15,HAMP,PRDP,panamax,21.05,14,False,8.783518570955236,586.0103893739373
2026-08-16,HAMP,PRDP,panamax,23.03,17,False,10.46295257659717,635.1381075714971
2026-08-17,HAMP,PRDP,panamax,21.41,21,False,9.230343145876686,575.3012677199996
2026-08-18,HAMP,PRDP,panamax,19.63,18,False,9.477166774348559,439.9290845761742
2026-08-19,HAMP,PRDP,panamax,19.04,16,False,6.930783524367142,509.9020504171288
2026-08-20,HAMP,PRDP,panamax,22.93,16,False,8.653165329792753,572.7570492397053
2026-08-21,HAMP,PRDP,panamax,20.47,18,False,11.413373552828608,572.0630153374796
2026-08-22,HAMP,PRDP,panamax,21.61,17,False,12.578287584940995,576.1659781245057
2026-08-23,HAMP,PRDP,panamax,19.93,20,False,12.942797865547162,546.5441911006317
2026-08-24,HAMP,PRDP,panamax,20.89,18,False,7.891776936307455,581.0035894107082
2026-08-25,HAMP,PRDP,panamax,23.68,16,False,8.321459095058675,554.5682072222411
2026-08-26,HAMP,PRDP,panamax,20.58,16,False,9.105959862787067,569.0879281257774
2026-08-27,HAMP,PRDP,panamax,21.23,17,False,9.165507498765917,582.2345670206992
2026-08-28,HAMP,PRDP,panamax,21.55,17,False,8.994738171984546,570.0667697902492
2026-07-24,HAMP,PRDP,supramax,25.21,14,False,7.857933752601145,650.1580325409932
2026-07-25,HAMP,PRDP,supramax,22.52,13,False,7.648607087401006,643.6993625429313
2026-07-26,HAMP,PRDP,supramax,24.0,15,False,9.48739650657773,666.3491743004884
2026-07-27,HAMP,PRDP,supramax,26.62,20,False,6.339717159690389,625.3830005804758
2026-07-28,HAMP,PRDP,supramax,23.73,14,False,13.823379410280848,600.2245213927703
2026-07-29,HAMP,PRDP,supramax,24.97,14,False,10.999471758679805,615.7003025948536
2026-07-30,HAMP,PRDP,supramax,26.03,18,False,9.081215186368148,801.9233444630702
2026-07-31,HAMP,PRDP,supramax,24.31,19,False,10.375968260059185,685.1256561704948
2026-08-01,HAMP,PRDP,supramax,21.61,19,False,8.714318396303055,597.2252481544682
2026-08-02,HAMP,PRDP,supramax,21.39,22,False,10.214771465960919,460.3024253486705
2026-08-03,HAMP,PRDP,supramax,21.77,21,False,11.569790220698698,553.8247891861207
2026-08-04,HAMP,PRDP,supramax,23.61,19,False,8.399652378701541,573.8401285326722
2026-08-05,HAMP,PRDP,supramax,22.72,19,False,10.70322555663385,660.8233244740196
2026-08-06,HAMP,PRDP,supramax,19.62,17,False,9.759701592582235,538.2291589607162
2026-08-07,HAMP,PRDP,supramax,20.83,18,False,11.592633261271667,507.85381984716355
2026-08-08,HAMP,PRDP,supramax,22.09,15,False,8.65274677675557,678.0639728104558
2026-08-09,HAMP,PRDP,supramax,21.97,18,False,8.07208347233476,573.6813220183258
2026-08-10,HAMP,PRDP,supramax,21.03,17,False,7.318236661990078,597.5506476736691
2026-08-11,HAMP,PRDP,supramax,19.72,16,False,5.201960016844685,448.35294278647814
2026-08-12,HAMP,PRDP,supramax,21.26,19,False,9.914378070768977,470.7183215617164
2026-08-13,HAMP,PRDP,supramax,22.87,15,False,8.613419996265316,549.3890900381006
2026-08-14,HAMP,PRDP,supramax,22.4,16,False,10.363077681411916,558.2667705526875
2026-08-15,HAMP,PRDP,supramax,23.15,14,False,8.783518570955236,586.0103893739373
2026-08-16,HAMP,PRDP,supramax,25.32,17,False,10.46295257659717,635.1381075714971
2026-08-17,HAMP,PRDP,supramax,23.54,21,False,9.230343145876686,575.3012677199996
2026-08-18,HAMP,PRDP,supramax,21.55,18,False,9.477166774348559,439.9290845761742
2026-08-19,HAMP,PRDP,supramax,20.93,16,False,6.930783524367142,509.9020504171288
2026-08-20,HAMP,PRDP,supramax,25.2,16,False,8.653165329792753,572.7570492397053
2026-08-21,HAMP,PRDP,supramax,22.51,18,False,11.413373552828608,572.0630153374796
2026-08-22,HAMP,PRDP,supramax,23.76,17,False,12.578287584940995,576.1659781245057
2026-08-23,HAMP,PRDP,supramax,21.91,20,False,12.942797865547162,546.5441911006317
2026-08-24,HAMP,PRDP,supramax,22.97,18,False,7.891776936307455,581.0035894107082
2026-08-25,HAMP,PRDP,supramax,26.01,16,False,8.321459095058675,554.5682072222411
2026-08-26,HAMP,PRDP,supramax,22.63,16,False,9.105959862787067,569.0879281257774
2026-08-27,HAMP,PRDP,supramax,23.34,17,False,9.165507498765917,582.2345670206992
2026-08-28,HAMP,PRDP,supramax,23.69,17,False,8.994738171984546,570.0667697902492
2026-07-24,HAMP,VIZG,capesize,17.13,11,False,7.857933752601145,650.1580325409932
2026-07-25,HAMP,VIZG,capesize,15.26,13,False,7.648607087401006,643.6993625429313
2026-07-26,HAMP,VIZG,capesize,16.28,11,False,9.48739650657773,666.3491743004884
2026-07-27,HAMP,VIZG,capesize,18.12,19,False,6.339717159690389,625.3830005804758
2026-07-28,HAMP,VIZG,capesize,16.13,13,False,13.823379410280848,600.2245213927703
2026-07-29,HAMP,VIZG,capesize,16.98,15,False,10.999471758679805,615.7003025948536
2026-07-30,HAMP,VIZG,capesize,17.59,15,False,9.081215186368148,801.9233444630702
2026-07-31,HAMP,VIZG,capesize,16.47,14,False,10.375968260059185,685.1256561704948
2026-08-01,HAMP,VIZG,capesize,14.65,12,False,8.714318396303055,597.2252481544682
2026-08-02,HAMP,VIZG,capesize,14.59,19,False,10.214771465960919,460.3024253486705
2026-08-03,HAMP,VIZG,capesize,14.8,14,False,11.569790220698698,553.8247891861207
2026-08-04,HAMP,VIZG,capesize,16.06,15,False,8.399652378701541,573.8401285326722
2026-08-05,HAMP,VIZG,capesize,15.39,16,False,10.70322555663385,660.8233244740196
2026-08-06,HAMP,VIZG,capesize,13.3,16,False,9.759701592582235,538.2291589607162
2026-08-07,HAMP,VIZG,capesize,14.17,16,False,11.592633261271667,507.85381984716355
2026-08-08,HAMP,VIZG,capesize,14.94,13,False,8.65274677675557,678.0639728104558
2026-08-09,HAMP,VIZG,capesize,14.93,15,False,8.07208347233476,573.6813220183258
2026-08-10,HAMP,VIZG,capesize,14.25,15,False,7.318236661990078,597.5506476736691
2026-08-11,HAMP,VIZG,capesize,13.43,14,False,5.201960016844685,448.35294278647814
2026-08-12,HAMP,VIZG,capesize,14.49,15,False,9.914378070768977,470.7183215617164
2026-08-13,HAMP,VIZG,capesize,15.57,16,False,8.613419996265316,549.3890900381006
2026-08-14,HAMP,VIZG,capesize,15.23,15,False,10.363077681411916,558.2667705526875
2026-08-15,HAMP,VIZG,capesize,15.74,15,False,8.783518570955236,586.0103893739373
2026-08-16,HAMP,VIZG,capesize,17.22,15,False,10.46295257659717,635.1381075714971
2026-08-17,HAMP,VIZG,capesize,16.01,27,False,9.230343145876686,575.3012677199996
2026-08-18,HAMP,VIZG,capesize,14.72,19,False,9.477166774348559,439.9290845761742
2026-08-19,HAMP,VIZG,capesize,14.24,9,False,6.930783524367142,509.9020504171288
2026-08-20,HAMP,VIZG,capesize,17.17,14,False,8.653165329792753,572.7570492397053
2026-08-21,HAMP,VIZG,capesize,15.3,12,False,11.413373552828608,572.0630153374796
2026-08-22,HAMP,VIZG,capesize,16.17,15,False,12.578287584940995,576.1659781245057
2026-08-23,HAMP,VIZG,capesize,14.9,13,False,12.942797865547162,546.5441911006317
2026-08-24,HAMP,VIZG,capesize,15.61,12,False,7.891776936307455,581.0035894107082
2026-08-25,HAMP,VIZG,capesize,17.75,12,False,8.321459095058675,554.5682072222411
2026-08-26,HAMP,VIZG,capesize,15.38,13,False,9.105959862787067,569.0879281257774
2026-08-27,HAMP,VIZG,capesize,15.87,12,False,9.165507498765917,582.2345670206992
2026-08-28,HAMP,VIZG,capesize,16.12,13,False,8.994738171984546,570.0667697902492
2026-07-24,HAMP,VIZG,handysize,34.35,11,False,7.857933752601145,650.1580325409932
2026-07-25,HAMP,VIZG,handysize,30.72,13,False,7.648607087401006,643.6993625429313
2026-07-26,HAMP,VIZG,handysize,32.73,11,False,9.48739650657773,666.3491743004884
2026-07-27,HAMP,VIZG,handysize,36.24,19,False,6.339717159690389,625.3830005804758
2026-07-28,HAMP,VIZG,handysize,32.32,13,False,13.823379410280848,600.2245213927703
2026-07-29,HAMP,VIZG,handysize,34.0,15,False,10.999471758679805,615.7003025948536
2026-07-30,HAMP,VIZG,handysize,35.53,15,False,9.081215186368148,801.9233444630702
2026-07-31,HAMP,VIZG,handysize,33.14,14,False,10.375968260059185,685.1256561704948
2026-08-01,HAMP,VIZG,handysize,29.46,12,False,8.714318396303055,597.2252481544682
2026-08-02,HAMP,VIZG,handysize,29.09,19,False,10.214771465960919,460.3024253486705
2026-08-03,HAMP,VIZG,handysize,29.67,14,False,11.569790220698698,553.8247891861207
2026-08-04,HAMP,VIZG,handysize,32.14,15,False,8.399652378701541,573.8401285326722
2026-08-05,HAMP,VIZG,handysize,30.99,16,False,10.70322555663385,660.8233244740196
2026-08-06,HAMP,VIZG,handysize,26.73,16,False,9.759701592582235,538.2291589607162
2026-08-07,HAMP,VIZG,handysize,28.36,16,False,11.592633261271667,507.85381984716355
2026-08-08,HAMP,VIZG,handysize,30.16,13,False,8.65274677675557,678.0639728104558
2026-08-09,HAMP,VIZG,handysize,29.95,15,False,8.07208347233476,573.6813220183258
2026-08-10,HAMP,VIZG,handysize,28.67,15,False,7.318236661990078,597.5506476736691
2026-08-11,HAMP,VIZG,handysize,26.82,14,False,5.201960016844685,448.35294278647814
2026-08-12,HAMP,VIZG,handysize,28.92,15,False,9.914378070768977,470.7183215617164
2026-08-13,HAMP,VIZG,handysize,31.15,16,False,8.613419996265316,549.3890900381006
2026-08-14,HAMP,VIZG,handysize,30.51,15,False,10.363077681411916,558.2667705526875
2026-08-15,HAMP,VIZG,handysize,31.54,15,False,8.783518570955236,586.0103893739373
2026-08-16,HAMP,VIZG,handysize,34.51,15,False,10.46295257659717,635.1381075714971
2026-08-17,HAMP,VIZG,handysize,32.06,27,False,9.230343145876686,575.3012677199996
2026-08-18,HAMP,VIZG,handysize,29.31,19,False,9.477166774348559,439.9290845761742
2026-08-19,HAMP,VIZG,handysize,28.5,9,False,6.930783524367142,509.9020504171288
2026-08-20,HAMP,VIZG,handysize,34.3,14,False,8.653165329792753,572.7570492397053
2026-08-21,HAMP,VIZG,handysize,30.66,12,False,11.413373552828608,572.0630153374796
2026-08-22,HAMP,VIZG,handysize,32.35,15,False,12.578287584940995,576.1659781245057
2026-08-23,HAMP,VIZG,handysize,29.85,13,False,12.942797865547162,546.5441911006317
2026-08-24,HAMP,VIZG,handysize,31.29,12,False,7.891776936307455,581.0035894107082
2026-08-25,HAMP,VIZG,handysize,35.39,12,False,8.321459095058675,554.5682072222411
2026-08-26,HAMP,VIZG,handysize,30.82,13,False,9.105959862787067,569.0879281257774
2026-08-27,HAMP,VIZG,handysize,31.8,12,False,9.165507498765917,582.2345670206992
2026-08-28,HAMP,VIZG,handysize,32.25,13,False,8.994738171984546,570.0667697902492
2026-07-24,HAMP,VIZG,panamax,22.83,11,False,7.857933752601145,650.1580325409932
2026-07-25,HAMP,VIZG,panamax,20.38,13,False,7.648607087401006,643.6993625429313
2026-07-26,HAMP,VIZG,panamax,21.73,11,False,9.48739650657773,666.3491743004884
2026-07-27,HAMP,VIZG,panamax,24.12,19,False,6.339717159690389,625.3830005804758
2026-07-28,HAMP,VIZG,panamax,21.5,13,False,13.823379410280848,600.2245213927703
2026-07-29,HAMP,VIZG,panamax,22.62,15,False,10.999471758679805,615.7003025948536
2026-07-30,HAMP,VIZG,panamax,23.53,15,False,9.081215186368148,801.9233444630702
2026-07-31,HAMP,VIZG,panamax,22.0,14,False,10.375968260059185,685.1256561704948
2026-08-01,HAMP,VIZG,panamax,19.56,12,False,8.714318396303055,597.2252481544682
2026-08-02,HAMP,VIZG,panamax,19.4,19,False,10.214771465960919,460.3024253486705
2026-08-03,HAMP,VIZG,panamax,19.72,14,False,11.569790220698698,553.8247891861207
2026-08-04,HAMP,VIZG,panamax,21.39,15,False,8.399652378701541,573.8401285326722
2026-08-05,HAMP,VIZG,panamax,20.56,16,False,10.70322555663385,660.8233244740196
2026-08-06,HAMP,VIZG,panamax,17.76,16,False,9.759701592582235,538.2291589607162
2026-08-07,HAMP,VIZG,panamax,18.88,16,False,11.592633261271667,507.85381984716355
2026-08-08,HAMP,VIZG,panamax,19.99,13,False,8.65274677675557,678.0639728104558
2026-08-09,HAMP,VIZG,panamax,19.91,15,False,8.07208347233476,573.6813220183258
2026-08-10,HAMP,VIZG,panamax,19.03,15,False,7.318236661990078,597.5506476736691
2026-08-11,HAMP,VIZG,panamax,17.88,14,False,5.201960016844685,448.35294278647814
2026-08-12,HAMP,VIZG,panamax,19.28,15,False,9.914378070768977,470.7183215617164
2026-08-13,HAMP,VIZG,panamax,20.73,16,False,8.613419996265316,549.3890900381006
2026-08-14,HAMP,VIZG,panamax,20.3,15,False,10.363077681411916,558.2667705526875
2026-08-15,HAMP,VIZG,panamax,20.97,15,False,8.783518570955236,586.0103893739373
2026-08-16,HAMP,VIZG,panamax,22.94,15,False,10.46295257659717,635.1381075714971
2026-08-17,HAMP,VIZG,panamax,21.33,27,False,9.230343145876686,575.3012677199996
2026-08-18,HAMP,VIZG,panamax,19.56,19,False,9.477166774348559,439.9290845761742
2026-08-19,HAMP,VIZG,panamax,18.97,9,False,6.930783524367142,509.9020504171288
2026-08-20,HAMP,VIZG,panamax,22.84,14,False,8.653165329792753,572.7570492397053
2026-08-21,HAMP,VIZG,panamax,20.4,12,False,11.413373552828608,572.0630153374796
2026-08-22,HAMP,VIZG,panamax,21.53,15,False,12.578287584940995,576.1659781245057
2026-08-23,HAMP,VIZG,panamax,19.85,13,False,12.942797865547162,546.5441911006317
2026-08-24,HAMP,VIZG,panamax,20.81,12,False,7.891776936307455,581.0035894107082
2026-08-25,HAMP,VIZG,panamax,23.59,12,False,8.321459095058675,554.5682072222411
2026-08-26,HAMP,VIZG,panamax,20.5,13,False,9.105959862787067,569.0879281257774
2026-08-27,HAMP,VIZG,panamax,21.15,12,False,9.165507498765917,582.2345670206992
2026-08-28,HAMP,VIZG,panamax,21.47,13,False,8.994738171984546,570.0667697902492
2026-07-24,HAMP,VIZG,supramax,25.11,11,False,7.857933752601145,650.1580325409932
2026-07-25,HAMP,VIZG,supramax,22.43,13,False,7.648607087401006,643.6993625429313
2026-07-26,HAMP,VIZG,supramax,23.91,11,False,9.48739650657773,666.3491743004884
2026-07-27,HAMP,VIZG,supramax,26.51,19,False,6.339717159690389,625.3830005804758
2026-07-28,HAMP,VIZG,supramax,23.64,13,False,13.823379410280848,600.2245213927703
2026-07-29,HAMP,VIZG,supramax,24.87,15,False,10.999471758679805,615.7003025948536
2026-07-30,HAMP,VIZG,supramax,25.92,15,False,9.081215186368148,801.9233444630702
2026-07-31,HAMP,VIZG,supramax,24.21,14,False,10.375968260059185,685.1256561704948
2026-08-01,HAMP,VIZG,supramax,21.52,12,False,8.714318396303055,597.2252481544682
2026-08-02,HAMP,VIZG,supramax,21.31,19,False,10.214771465960919,460.3024253486705
2026-08-03,HAMP,VIZG,supramax,21.69,14,False,11.569790220698698,553.8247891861207
2026-08-04,HAMP,VIZG,supramax,23.52,15,False,8.399652378701541,573.8401285326722
2026-08-05,HAMP,VIZG,supramax,22.63,16,False,10.70322555663385,660.8233244740196
2026-08-06,HAMP,VIZG,supramax,19.54,16,False,9.759701592582235,538.2291589607162
2026-08-07,HAMP,VIZG,supramax,20.75,16,False,11.592633261271667,507.85381984716355
2026-08-08,HAMP,VIZG,supramax,22.01,13,False,8.65274677675557,678.0639728104558
2026-08-09,HAMP,VIZG,supramax,21.89,15,False,8.07208347233476,573.6813220183258
2026-08-10,HAMP,VIZG,supramax,20.94,15,False,7.318236661990078,597.5506476736691
2026-08-11,HAMP,VIZG,supramax,19.64,14,False,5.201960016844685,448.35294278647814
2026-08-12,HAMP,VIZG,supramax,21.18,15,False,9.914378070768977,470.7183215617164
2026-08-13,HAMP,VIZG,supramax,22.78,16,False,8.613419996265316,549.3890900381006
2026-08-14,HAMP,VIZG,supramax,22.31,15,False,10.363077681411916,558.2667705526875
2026-08-15,HAMP,VIZG,supramax,23.06,15,False,8.783518570955236,586.0103893739373
2026-08-16,HAMP,VIZG,supramax,25.23,15,False,10.46295257659717,635.1381075714971
2026-08-17,HAMP,VIZG,supramax,23.44,27,False,9.230343145876686,575.3012677199996
2026-08-18,HAMP,VIZG,supramax,21.47,19,False,9.477166774348559,439.9290845761742
2026-08-19,HAMP,VIZG,supramax,20.85,9,False,6.930783524367142,509.9020504171288
2026-08-20,HAMP,VIZG,supramax,25.1,14,False,8.653165329792753,572.7570492397053
2026-08-21,HAMP,VIZG,supramax,22.43,12,False,11.413373552828608,572.0630153374796
2026-08-22,HAMP,VIZG,supramax,23.66,15,False,12.578287584940995,576.1659781245057
2026-08-23,HAMP,VIZG,supramax,21.83,13,False,12.942797865547162,546.5441911006317
2026-08-24,HAMP,VIZG,supramax,22.88,12,False,7.891776936307455,581.0035894107082
2026-08-25,HAMP,VIZG,supramax,25.91,12,False,8.321459095058675,554.5682072222411
2026-08-26,HAMP,VIZG,supramax,22.54,13,False,9.105959862787067,569.0879281257774
2026-08-27,HAMP,VIZG,supramax,23.25,12,False,9.165507498765917,582.2345670206992
2026-08-28,HAMP,VIZG,supramax,23.6,13,False,8.994738171984546,570.0667697902492
2026-07-24,HYPT,HALD,capesize,8.12,33,False,9.021789443829762,650.1580325409932
2026-07-25,HYPT,HALD,capesize,7.22,30,False,13.879771566111495,643.6993625429313
2026-07-26,HYPT,HALD,capesize,7.69,32,False,9.316507578918904,666.3491743004884
2026-07-27,HYPT,HALD,capesize,8.62,32,False,7.79961933087113,625.3830005804758
2026-07-28,HYPT,HALD,capesize,7.67,32,False,11.247031166217898,600.2245213927703
2026-07-29,HYPT,HALD,capesize,8.07,32,False,5.777863413636319,615.7003025948536
2026-07-30,HYPT,HALD,capesize,8.23,33,False,8.231493055859472,801.9233444630702
2026-07-31,HYPT,HALD,capesize,7.78,32,False,8.110423076042995,685.1256561704948
2026-08-01,HYPT,HALD,capesize,6.96,33,False,7.765700552103685,597.2252481544682
2026-08-02,HYPT,HALD,capesize,7.03,33,False,3.640723595469222,460.3024253486705
2026-08-03,HYPT,HALD,capesize,7.06,32,False,14.247240590954108,553.8247891861207
2026-08-04,HYPT,HALD,capesize,7.66,35,False,9.509154817527671,573.8401285326722
2026-08-05,HYPT,HALD,capesize,7.27,38,False,15.33327224987935,660.8233244740196
2026-08-06,HYPT,HALD,capesize,6.34,34,False,10.224623832721585,538.2291589607162
2026-08-07,HYPT,HALD,capesize,6.79,32,False,10.155481830083053,507.85381984716355
2026-08-08,HYPT,HALD,capesize,7.04,34,False,8.644056838167677,678.0639728104558
2026-08-09,HYPT,HALD,capesize,7.11,33,False,11.17502932677207,573.6813220183258
2026-08-10,HYPT,HALD,capesize,6.76,32,False,9.67807933288596,597.5506476736691
2026-08-11,HYPT,HALD,capesize,6.47,30,False,16.50580755082144,448.35294278647814
2026-08-12,HYPT,HALD,capesize,6.97,22,False,12.460905422627507,470.7183215617164
2026-08-13,HYPT,HALD,capesize,7.44,39,False,9.691130775577303,549.3890900381006
2026-08-14,HYPT,HALD,capesize,7.27,24,False,9.082063026622674,558.2667705526875
2026-08-15,HYPT,HALD,capesize,7.49,24,False,11.912690434578357,586.0103893739373
2026-08-16,HYPT,HALD,capesize,8.18,41,False,9.060160790956571,635.1381075714971
2026-08-17,HYPT,HALD,capesize,7.63,36,False,12.780525288693863,575.3012677199996
2026-08-18,HYPT,HALD,capesize,7.11,39,False,9.786571329655976,439.9290845761742
2026-08-19,HYPT,HALD,capesize,6.82,38,False,11.126062404756194,509.9020504171288
2026-08-20,HYPT,HALD,capesize,8.2,45,False,9.375957527202633,572.7570492397053
2026-08-21,HYPT,HALD,capesize,7.29,38,False,9.844664769538872,572.0630153374796
2026-08-22,HYPT,HALD,capesize,7.71,39,False,9.857523774574444,576.1659781245057
2026-08-23,HYPT,HALD,capesize,7.11,41,False,10.477423775953715,546.5441911006317
2026-08-24,HYPT,HALD,capesize,7.43,36,False,10.326136661606409,581.0035894107082
2026-08-25,HYPT,HALD,capesize,8.49,38,False,10.323130575267683,554.5682072222411
2026-08-26,HYPT,HALD,capesize,7.33,39,False,11.432924441477825,569.0879281257774
2026-08-27,HYPT,HALD,capesize,7.56,35,False,9.65749994473662,582.2345670206992
2026-08-28,HYPT,HALD,capesize,7.69,38,False,11.184594003271728,570.0667697902492
2026-07-24,HYPT,HALD,handysize,16.15,33,False,9.021789443829762,650.1580325409932
2026-07-25,HYPT,HALD,handysize,14.4,30,False,13.879771566111495,643.6993625429313
2026-07-26,HYPT,HALD,handysize,15.33,32,False,9.316507578918904,666.3491743004884
2026-07-27,HYPT,HALD,handysize,17.1,32,False,7.79961933087113,625.3830005804758
2026-07-28,HYPT,HALD,handysize,15.24,32,False,11.247031166217898,600.2245213927703
2026-07-29,HYPT,HALD,handysize,16.03,32,False,5.777863413636319,615.7003025948536
2026-07-30,HYPT,HALD,handysize,16.48,33,False,8.231493055859472,801.9233444630702
2026-07-31,HYPT,HALD,handysize,15.51,32,False,8.110423076042995,685.1256561704948
2026-08-01,HYPT,HALD,handysize,13.86,33,False,7.765700552103685,597.2252481544682
2026-08-02,HYPT,HALD,handysize,13.89,33,False,3.640723595469222,460.3024253486705
2026-08-03,HYPT,HALD,handysize,14.03,32,False,14.247240590954108,553.8247891861207
2026-08-04,HYPT,HALD,handysize,15.19,35,False,9.509154817527671,573.8401285326722
2026-08-05,HYPT,HALD,handysize,14.5,38,False,15.33327224987935,660.8233244740196
2026-08-06,HYPT,HALD,handysize,12.63,34,False,10.224623832721585,538.2291589607162
2026-08-07,HYPT,HALD,handysize,13.46,32,False,10.155481830083053,507.85381984716355
2026-08-08,HYPT,HALD,handysize,14.08,34,False,8.644056838167677,678.0639728104558
2026-08-09,HYPT,HALD,handysize,14.13,33,False,11.17502932677207,573.6813220183258
2026-08-10,HYPT,HALD,handysize,13.48,32,False,9.67807933288596,597.5506476736691
2026-08-11,HYPT,HALD,handysize,12.81,30,False,16.50580755082144,448.35294278647814
2026-08-12,HYPT,HALD,handysize,13.79,22,False,12.460905422627507,470.7183215617164
2026-08-13,HYPT,HALD,handysize,14.75,39,False,9.691130775577303,549.3890900381006
2026-08-14,HYPT,HALD,handysize,14.43,24,False,9.082063026622674,558.2667705526875
2026-08-15,HYPT,HALD,handysize,14.88,24,False,11.912690434578357,586.0103893739373
2026-08-16,HYPT,HALD,handysize,16.24,41,False,9.060160790956571,635.1381075714971
2026-08-17,HYPT,HALD,handysize,15.15,36,False,12.780525288693863,575.3012677199996
2026-08-18,HYPT,HALD,handysize,14.03,39,False,9.786571329655976,439.9290845761742
2026-08-19,HYPT,HALD,handysize,13.53,38,False,11.126062404756194,509.9020504171288
2026-08-20,HYPT,HALD,handysize,16.24,45,False,9.375957527202633,572.7570492397053
2026-08-21,HYPT,HALD,handysize,14.48,38,False,9.844664769538872,572.0630153374796
2026-08-22,HYPT,HALD,handysize,15.29,39,False,9.857523774574444,576.1659781245057
2026-08-23,HYPT,HALD,handysize,14.12,41,False,10.477423775953715,546.5441911006317
2026-08-24,HYPT,HALD,handysize,14.77,36,False,10.326136661606409,581.0035894107082
2026-08-25,HYPT,HALD,handysize,16.79,38,False,10.323130575267683,554.5682072222411
2026-08-26,HYPT,HALD,handysize,14.56,39,False,11.432924441477825,569.0879281257774
2026-08-27,HYPT,HALD,handysize,15.01,35,False,9.65749994473662,582.2345670206992
2026-08-28,HYPT,HALD,handysize,15.25,38,False,11.184594003271728,570.0667697902492
2026-07-24,HYPT,HALD,panamax,10.86,33,False,9.021789443829762,650.1580325409932
2026-07-25,HYPT,HALD,panamax,9.67,30,False,13.879771566111495,643.6993625429313
2026-07-26,HYPT,HALD,panamax,10.3,32,False,9.316507578918904,666.3491743004884
2026-07-27,HYPT,HALD,panamax,11.52,32,False,7.79961933087113,625.3830005804758
2026-07-28,HYPT,HALD,panamax,10.26,32,False,11.247031166217898,600.2245213927703
2026-07-29,HYPT,HALD,panamax,10.79,32,False,5.777863413636319,615.7003025948536
2026-07-30,HYPT,HALD,panamax,11.04,33,False,8.231493055859472,801.9233444630702
2026-07-31,HYPT,HALD,panamax,10.41,32,False,8.110423076042995,685.1256561704948
2026-08-01,HYPT,HALD,panamax,9.32,33,False,7.765700552103685,597.2252481544682
2026-08-02,HYPT,HALD,panamax,9.38,33,False,3.640723595469222,460.3024253486705
2026-08-03,HYPT,HALD,panamax,9.44,32,False,14.247240590954108,553.8247891861207
2026-08-04,HYPT,HALD,panamax,10.24,35,False,9.509154817527671,573.8401285326722
2026-08-05,HYPT,HALD,panamax,9.74,38,False,15.33327224987935,660.8233244740196
2026-08-06,HYPT,HALD,panamax,8.5,34,False,10.224623832721585,538.2291589607162
2026-08-07,HYPT,HALD,panamax,9.08,32,False,10.155481830083053,507.85381984716355
2026-08-08,HYPT,HALD,panamax,9.44,34,False,8.644056838167677,678.0639728104558
2026-08-09,HYPT,HALD,panamax,9.51,33,False,11.17502932677207,573.6813220183258
2026-08-10,HYPT,HALD,panamax,9.05,32,False,9.67807933288596,597.5506476736691
2026-08-11,HYPT,HALD,panamax,8.65,30,False,16.50580755082144,448.35294278647814
2026-08-12,HYPT,HALD,panamax,9.31,22,False,12.460905422627507,470.7183215617164
2026-08-13,HYPT,HALD,panamax,9.94,39,False,9.691130775577303,549.3890900381006
2026-08-14,HYPT,HALD,panamax,9.72,24,False,9.082063026622674,558.2667705526875
2026-08-15,HYPT,HALD,panamax,10.02,24,False,11.912690434578357,586.0103893739373
2026-08-16,HYPT,HALD,panamax,10.93,41,False,9.060160790956571,635.1381075714971
2026-08-17,HYPT,HALD,panamax,10.2,36,False,12.780525288693863,575.3012677199996
2026-08-18,HYPT,HALD,panamax,9.48,39,False,9.786571329655976,439.9290845761742
2026-08-19,HYPT,HALD,panamax,9.12,38,False,11.126062404756194,509.9020504171288
2026-08-20,HYPT,HALD,panamax,10.95,45,False,9.375957527202633,572.7570492397053
2026-08-21,HYPT,HALD,panamax,9.75,38,False,9.844664769538872,572.0630153374796
2026-08-22,HYPT,HALD,panamax,10.3,39,False,9.857523774574444,576.1659781245057
2026-08-23,HYPT,HALD,panamax,9.51,41,False,10.477423775953715,546.5441911006317
2026-08-24,HYPT,HALD,panamax,9.94,36,False,10.326136661606409,581.0035894107082
2026-08-25,HYPT,HALD,panamax,11.33,38,False,10.323130575267683,554.5682072222411
2026-08-26,HYPT,HALD,panamax,9.8,39,False,11.432924441477825,569.0879281257774
2026-08-27,HYPT,HALD,panamax,10.11,35,False,9.65749994473662,582.2345670206992
2026-08-28,HYPT,HALD,panamax,10.28,38,False,11.184594003271728,570.0667697902492
2026-07-24,HYPT,HALD,supramax,11.87,33,False,9.021789443829762,650.1580325409932
2026-07-25,HYPT,HALD,supramax,10.57,30,False,13.879771566111495,643.6993625429313
2026-07-26,HYPT,HALD,supramax,11.26,32,False,9.316507578918904,666.3491743004884
2026-07-27,HYPT,HALD,supramax,12.58,32,False,7.79961933087113,625.3830005804758
2026-07-28,HYPT,HALD,supramax,11.21,32,False,11.247031166217898,600.2245213927703
2026-07-29,HYPT,HALD,supramax,11.79,32,False,5.777863413636319,615.7003025948536
2026-07-30,HYPT,HALD,supramax,12.09,33,False,8.231493055859472,801.9233444630702
2026-07-31,HYPT,HALD,supramax,11.39,32,False,8.110423076042995,685.1256561704948
2026-08-01,HYPT,HALD,supramax,10.18,33,False,7.765700552103685,597.2252481544682
2026-08-02,HYPT,HALD,supramax,10.23,33,False,3.640723595469222,460.3024253486705
2026-08-03,HYPT,HALD,supramax,10.31,32,False,14.247240590954108,553.8247891861207
2026-08-04,HYPT,HALD,supramax,11.18,35,False,9.509154817527671,573.8401285326722
2026-08-05,HYPT,HALD,supramax,10.65,38,False,15.33327224987935,660.8233244740196
2026-08-06,HYPT,HALD,supramax,9.28,34,False,10.224623832721585,538.2291589607162
2026-08-07,HYPT,HALD,supramax,9.91,32,False,10.155481830083053,507.85381984716355
2026-08-08,HYPT,HALD,supramax,10.32,34,False,8.644056838167677,678.0639728104558
2026-08-09,HYPT,HALD,supramax,10.39,33,False,11.17502932677207,573.6813220183258
2026-08-10,HYPT,HALD,supramax,9.9,32,False,9.67807933288596,597.5506476736691
2026-08-11,HYPT,HALD,supramax,9.44,30,False,16.50580755082144,448.35294278647814
2026-08-12,HYPT,HALD,supramax,10.16,22,False,12.460905422627507,470.7183215617164
2026-08-13,HYPT,HALD,supramax,10.85,39,False,9.691130775577303,549.3890900381006
2026-08-14,HYPT,HALD,supramax,10.61,24,False,9.082063026622674,558.2667705526875
2026-08-15,HYPT,HALD,supramax,10.94,24,False,11.912690434578357,586.0103893739373
2026-08-16,HYPT,HALD,supramax,11.94,41,False,9.060160790956571,635.1381075714971
2026-08-17,HYPT,HALD,supramax,11.14,36,False,12.780525288693863,575.3012677199996
2026-08-18,HYPT,HALD,supramax,10.34,39,False,9.786571329655976,439.9290845761742
2026-08-19,HYPT,HALD,supramax,9.95,38,False,11.126062404756194,509.9020504171288
2026-08-20,HYPT,HALD,supramax,11.95,45,False,9.375957527202633,572.7570492397053
2026-08-21,HYPT,HALD,supramax,10.65,38,False,9.844664769538872,572.0630153374796
2026-08-22,HYPT,HALD,supramax,11.25,39,False,9.857523774574444,576.1659781245057
2026-08-23,HYPT,HALD,supramax,10.39,41,False,10.477423775953715,546.5441911006317
2026-08-24,HYPT,HALD,supramax,10.86,36,False,10.326136661606409,581.0035894107082
2026-08-25,HYPT,HALD,supramax,12.37,38,False,10.323130575267683,554.5682072222411
2026-08-26,HYPT,HALD,supramax,10.71,39,False,11.432924441477825,569.0879281257774
2026-08-27,HYPT,HALD,supramax,11.04,35,False,9.65749994473662,582.2345670206992
2026-08-28,HYPT,HALD,supramax,11.22,38,False,11.184594003271728,570.0667697902492
2026-07-24,HYPT,PRDP,capesize,7.99,14,False,9.021789443829762,650.1580325409932
2026-07-25,HYPT,PRDP,capesize,7.1,13,False,13.879771566111495,643.6993625429313
2026-07-26,HYPT,PRDP,capesize,7.57,15,False,9.316507578918904,666.3491743004884
2026-07-27,HYPT,PRDP,capesize,8.48,20,False,7.79961933087113,625.3830005804758
2026-07-28,HYPT,PRDP,capesize,7.55,14,False,11.247031166217898,600.2245213927703
2026-07-29,HYPT,PRDP,capesize,7.94,14,False,5.777863413636319,615.7003025948536
2026-07-30,HYPT,PRDP,capesize,8.1,18,False,8.231493055859472,801.9233444630702
2026-07-31,HYPT,PRDP,capesize,7.65,19,False,8.110423076042995,685.1256561704948
2026-08-01,HYPT,PRDP,capesize,6.84,19,False,7.765700552103685,597.2252481544682
2026-08-02,HYPT,PRDP,capesize,6.92,22,False,3.640723595469222,460.3024253486705
2026-08-03,HYPT,PRDP,capesize,6.94,21,False,14.247240590954108,553.8247891861207
2026-08-04,HYPT,PRDP,capesize,7.53,19,False,9.509154817527671,573.8401285326722
2026-08-05,HYPT,PRDP,capesize,7.15,19,False,15.33327224987935,660.8233244740196
2026-08-06,HYPT,PRDP,capesize,6.24,17,False,10.224623832721585,538.2291589607162
2026-08-07,HYPT,PRDP,capesize,6.68,18,False,10.155481830083053,507.85381984716355
2026-08-08,HYPT,PRDP,capesize,6.92,15,False,8.644056838167677,678.0639728104558
2026-08-09,HYPT,PRDP,capesize,6.99,18,False,11.17502932677207,573.6813220183258
2026-08-10,HYPT,PRDP,capesize,6.65,17,False,9.67807933288596,597.5506476736691
2026-08-11,HYPT,PRDP,capesize,6.37,16,False,16.50580755082144,448.35294278647814
2026-08-12,HYPT,PRDP,capesize,6.86,19,False,12.460905422627507,470.7183215617164
2026-08-13,HYPT,PRDP,capesize,7.32,15,False,9.691130775577303,549.3890900381006
2026-08-14,HYPT,PRDP,capesize,7.15,16,False,9.082063026622674,558.2667705526875
2026-08-15,HYPT,PRDP,capesize,7.37,14,False,11.912690434578357,586.0103893739373
2026-08-16,HYPT,PRDP,capesize,8.04,17,False,9.060160790956571,635.1381075714971
2026-08-17,HYPT,PRDP,capesize,7.51,21,False,12.780525288693863,575.3012677199996
2026-08-18,HYPT,PRDP,capesize,6.99,18,False,9.786571329655976,439.9290845761742
2026-08-19,HYPT,PRDP,capesize,6.71,16,False,11.126062404756194,509.9020504171288
2026-08-20,HYPT,PRDP,capesize,8.07,16,False,9.375957527202633,572.7570492397053
2026-08-21,HYPT,PRDP,capesize,7.17,18,False,9.844664769538872,572.0630153374796
2026-08-22,HYPT,PRDP,capesize,7.58,17,False,9.857523774574444,576.1659781245057
2026-08-23,HYPT,PRDP,capesize,7.0,20,False,10.477423775953715,546.5441911006317
2026-08-24,HYPT,PRDP,capesize,7.31,18,False,10.326136661606409,581.0035894107082
2026-08-25,HYPT,PRDP,capesize,8.36,16,False,10.323130575267683,554.5682072222411
2026-08-26,HYPT,PRDP,capesize,7.21,16,False,11.432924441477825,569.0879281257774
2026-08-27,HYPT,PRDP,capesize,7.44,17,False,9.65749994473662,582.2345670206992
2026-08-28,HYPT,PRDP,capesize,7.57,17,False,11.184594003271728,570.0667697902492
2026-07-24,HYPT,PRDP,handysize,15.88,14,False,9.021789443829762,650.1580325409932
2026-07-25,HYPT,PRDP,handysize,14.16,13,False,13.879771566111495,643.6993625429313
2026-07-26,HYPT,PRDP,handysize,15.08,15,False,9.316507578918904,666.3491743004884
2026-07-27,HYPT,PRDP,handysize,16.81,20,False,7.79961933087113,625.3830005804758
2026-07-28,HYPT,PRDP,handysize,14.99,14,False,11.247031166217898,600.2245213927703
2026-07-29,HYPT,PRDP,handysize,15.76,14,False,5.777863413636319,615.7003025948536
2026-07-30,HYPT,PRDP,handysize,16.2,18,False,8.231493055859472,801.9233444630702
2026-07-31,HYPT,PRDP,handysize,15.24,19,False,8.110423076042995,685.1256561704948
2026-08-01,HYPT,PRDP,handysize,13.63,19,False,7.765700552103685,597.2252481544682
2026-08-02,HYPT,PRDP,handysize,13.67,22,False,3.640723595469222,460.3024253486705
2026-08-03,HYPT,PRDP,handysize,13.79,21,False,14.247240590954108,553.8247891861207
2026-08-04,HYPT,PRDP,handysize,14.94,19,False,9.509154817527671,573.8401285326722
2026-08-05,HYPT,PRDP,handysize,14.26,19,False,15.33327224987935,660.8233244740196
2026-08-06,HYPT,PRDP,handysize,12.42,17,False,10.224623832721585,538.2291589607162
2026-08-07,HYPT,PRDP,handysize,13.24,18,False,10.155481830083053,507.85381984716355
2026-08-08,HYPT,PRDP,handysize,13.84,15,False,8.644056838167677,678.0639728104558
2026-08-09,HYPT,PRDP,handysize,13.9,18,False,11.17502932677207,573.6813220183258
2026-08-10,HYPT,PRDP,handysize,13.25,17,False,9.67807933288596,597.5506476736691
2026-08-11,HYPT,PRDP,handysize,12.6,16,False,16.50580755082144,448.35294278647814
2026-08-12,HYPT,PRDP,handysize,13.57,19,False,12.460905422627507,470.7183215617164
2026-08-13,HYPT,PRDP,handysize,14.5,15,False,9.691130775577303,549.3890900381006
2026-08-14,HYPT,PRDP,handysize,14.19,16,False,9.082063026622674,558.2667705526875
2026-08-15,HYPT,PRDP,handysize,14.64,14,False,11.912690434578357,586.0103893739373
2026-08-16,HYPT,PRDP,handysize,15.97,17,False,9.060160790956571,635.1381075714971
2026-08-17,HYPT,PRDP,handysize,14.9,21,False,12.780525288693863,575.3012677199996
2026-08-18,HYPT,PRDP,handysize,13.8,18,False,9.786571329655976,439.9290845761742
2026-08-19,HYPT,PRDP,handysize,13.3,16,False,11.126062404756194,509.9020504171288
2026-08-20,HYPT,PRDP,handysize,15.97,16,False,9.375957527202633,572.7570492397053
2026-08-21,HYPT,PRDP,handysize,14.24,18,False,9.844664769538872,572.0630153374796
2026-08-22,HYPT,PRDP,handysize,15.04,17,False,9.857523774574444,576.1659781245057
2026-08-23,HYPT,PRDP,handysize,13.89,20,False,10.477423775953715,546.5441911006317
2026-08-24,HYPT,PRDP,handysize,14.53,18,False,10.326136661606409,581.0035894107082
2026-08-25,HYPT,PRDP,handysize,16.52,16,False,10.323130575267683,554.5682072222411
2026-08-26,HYPT,PRDP,handysize,14.32,16,False,11.432924441477825,569.0879281257774
2026-08-27,HYPT,PRDP,handysize,14.76,17,False,9.65749994473662,582.2345670206992
2026-08-28,HYPT,PRDP,handysize,15.0,17,False,11.184594003271728,570.0667697902492
2026-07-24,HYPT,PRDP,panamax,10.68,14,False,9.021789443829762,650.1580325409932
2026-07-25,HYPT,PRDP,panamax,9.51,13,False,13.879771566111495,643.6993625429313
2026-07-26,HYPT,PRDP,panamax,10.14,15,False,9.316507578918904,666.3491743004884
2026-07-27,HYPT,PRDP,panamax,11.33,20,False,7.79961933087113,625.3830005804758
2026-07-28,HYPT,PRDP,panamax,10.09,14,False,11.247031166217898,600.2245213927703
2026-07-29,HYPT,PRDP,panamax,10.62,14,False,5.777863413636319,615.7003025948536
2026-07-30,HYPT,PRDP,panamax,10.86,18,False,8.231493055859472,801.9233444630702
2026-07-31,HYPT,PRDP,panamax,10.24,19,False,8.110423076042995,685.1256561704948
2026-08-01,HYPT,PRDP,panamax,9.16,19,False,7.765700552103685,597.2252481544682
2026-08-02,HYPT,PRDP,panamax,9.24,22,False,3.640723595469222,460.3024253486705
2026-08-03,HYPT,PRDP,panamax,9.29,21,False,14.247240590954108,553.8247891861207
2026-08-04,HYPT,PRDP,panamax,10.07,19,False,9.509154817527671,573.8401285326722
2026-08-05,HYPT,PRDP,panamax,9.58,19,False,15.33327224987935,660.8233244740196
2026-08-06,HYPT,PRDP,panamax,8.36,17,False,10.224623832721585,538.2291589607162
2026-08-07,HYPT,PRDP,panamax,8.93,18,False,10.155481830083053,507.85381984716355
2026-08-08,HYPT,PRDP,panamax,9.28,15,False,8.644056838167677,678.0639728104558
2026-08-09,HYPT,PRDP,panamax,9.36,18,False,11.17502932677207,573.6813220183258
2026-08-10,HYPT,PRDP,panamax,8.91,17,False,9.67807933288596,597.5506476736691
2026-08-11,HYPT,PRDP,panamax,8.51,16,False,16.50580755082144,448.35294278647814
2026-08-12,HYPT,PRDP,panamax,9.16,19,False,12.460905422627507,470.7183215617164
2026-08-13,HYPT,PRDP,panamax,9.78,15,False,9.691130775577303,549.3890900381006
2026-08-14,HYPT,PRDP,panamax,9.56,16,False,9.082063026622674,558.2667705526875
2026-08-15,HYPT,PRDP,panamax,9.86,14,False,11.912690434578357,586.0103893739373
2026-08-16,HYPT,PRDP,panamax,10.75,17,False,9.060160790956571,635.1381075714971
2026-08-17,HYPT,PRDP,panamax,10.04,21,False,12.780525288693863,575.3012677199996
2026-08-18,HYPT,PRDP,panamax,9.33,18,False,9.786571329655976,439.9290845761742
2026-08-19,HYPT,PRDP,panamax,8.97,16,False,11.126062404756194,509.9020504171288
2026-08-20,HYPT,PRDP,panamax,10.77,16,False,9.375957527202633,572.7570492397053
2026-08-21,HYPT,PRDP,panamax,9.59,18,False,9.844664769538872,572.0630153374796
2026-08-22,HYPT,PRDP,panamax,10.13,17,False,9.857523774574444,576.1659781245057
2026-08-23,HYPT,PRDP,panamax,9.36,20,False,10.477423775953715,546.5441911006317
2026-08-24,HYPT,PRDP,panamax,9.78,18,False,10.326136661606409,581.0035894107082
2026-08-25,HYPT,PRDP,panamax,11.15,16,False,10.323130575267683,554.5682072222411
2026-08-26,HYPT,PRDP,panamax,9.65,16,False,11.432924441477825,569.0879281257774
2026-08-27,HYPT,PRDP,panamax,9.94,17,False,9.65749994473662,582.2345670206992
2026-08-28,HYPT,PRDP,panamax,10.11,17,False,11.184594003271728,570.0667697902492
2026-07-24,HYPT,PRDP,supramax,11.67,14,False,9.021789443829762,650.1580325409932
2026-07-25,HYPT,PRDP,supramax,10.39,13,False,13.879771566111495,643.6993625429313
2026-07-26,HYPT,PRDP,supramax,11.07,15,False,9.316507578918904,666.3491743004884
2026-07-27,HYPT,PRDP,supramax,12.37,20,False,7.79961933087113,625.3830005804758
2026-07-28,HYPT,PRDP,supramax,11.02,14,False,11.247031166217898,600.2245213927703
2026-07-29,HYPT,PRDP,supramax,11.6,14,False,5.777863413636319,615.7003025948536
2026-07-30,HYPT,PRDP,supramax,11.88,18,False,8.231493055859472,801.9233444630702
2026-07-31,HYPT,PRDP,supramax,11.2,19,False,8.110423076042995,685.1256561704948
2026-08-01,HYPT,PRDP,supramax,10.01,19,False,7.765700552103685,597.2252481544682
2026-08-02,HYPT,PRDP,supramax,10.07,22,False,3.640723595469222,460.3024253486705
2026-08-03,HYPT,PRDP,supramax,10.14,21,False,14.247240590954108,553.8247891861207
2026-08-04,HYPT,PRDP,supramax,11.0,19,False,9.509154817527671,573.8401285326722
2026-08-05,HYPT,PRDP,supramax,10.47,19,False,15.33327224987935,660.8233244740196
2026-08-06,HYPT,PRDP,supramax,9.13,17,False,10.224623832721585,538.2291589607162
2026-08-07,HYPT,PRDP,supramax,9.75,18,False,10.155481830083053,507.85381984716355
2026-08-08,HYPT,PRDP,supramax,10.15,15,False,8.644056838167677,678.0639728104558
2026-08-09,HYPT,PRDP,supramax,10.22,18,False,11.17502932677207,573.6813220183258
2026-08-10,HYPT,PRDP,supramax,9.74,17,False,9.67807933288596,597.5506476736691
2026-08-11,HYPT,PRDP,supramax,9.29,16,False,16.50580755082144,448.35294278647814
2026-08-12,HYPT,PRDP,supramax,10.0,19,False,12.460905422627507,470.7183215617164
2026-08-13,HYPT,PRDP,supramax,10.67,15,False,9.691130775577303,549.3890900381006
2026-08-14,HYPT,PRDP,supramax,10.44,16,False,9.082063026622674,558.2667705526875
2026-08-15,HYPT,PRDP,supramax,10.76,14,False,11.912690434578357,586.0103893739373
2026-08-16,HYPT,PRDP,supramax,11.74,17,False,9.060160790956571,635.1381075714971
2026-08-17,HYPT,PRDP,supramax,10.96,21,False,12.780525288693863,575.3012677199996
2026-08-18,HYPT,PRDP,supramax,10.17,18,False,9.786571329655976,439.9290845761742
2026-08-19,HYPT,PRDP,supramax,9.79,16,False,11.126062404756194,509.9020504171288
2026-08-20,HYPT,PRDP,supramax,11.75,16,False,9.375957527202633,572.7570492397053
2026-08-21,HYPT,PRDP,supramax,10.48,18,False,9.844664769538872,572.0630153374796
2026-08-22,HYPT,PRDP,supramax,11.06,17,False,9.857523774574444,576.1659781245057
2026-08-23,HYPT,PRDP,supramax,10.22,20,False,10.477423775953715,546.5441911006317
2026-08-24,HYPT,PRDP,supramax,10.68,18,False,10.326136661606409,581.0035894107082
2026-08-25,HYPT,PRDP,supramax,12.17,16,False,10.323130575267683,554.5682072222411
2026-08-26,HYPT,PRDP,supramax,10.53,16,False,11.432924441477825,569.0879281257774
2026-08-27,HYPT,PRDP,supramax,10.86,17,False,9.65749994473662,582.2345670206992
2026-08-28,HYPT,PRDP,supramax,11.04,17,False,11.184594003271728,570.0667697902492
2026-07-24,HYPT,VIZG,capesize,7.92,11,False,9.021789443829762,650.1580325409932
2026-07-25,HYPT,VIZG,capesize,7.04,13,False,13.879771566111495,643.6993625429313
2026-07-26,HYPT,VIZG,capesize,7.5,11,False,9.316507578918904,666.3491743004884
2026-07-27,HYPT,VIZG,capesize,8.41,19,False,7.79961933087113,625.3830005804758
2026-07-28,HYPT,VIZG,capesize,7.48,13,False,11.247031166217898,600.2245213927703
2026-07-29,HYPT,VIZG,capesize,7.88,15,False,5.777863413636319,615.7003025948536
2026-07-30,HYPT,VIZG,capesize,8.03,15,False,8.231493055859472,801.9233444630702
2026-07-31,HYPT,VIZG,capesize,7.58,14,False,8.110423076042995,685.1256561704948
2026-08-01,HYPT,VIZG,capesize,6.78,12,False,7.765700552103685,597.2252481544682
2026-08-02,HYPT,VIZG,capesize,6.86,19,False,3.640723595469222,460.3024253486705
2026-08-03,HYPT,VIZG,capesize,6.89,14,False,14.247240590954108,553.8247891861207
2026-08-04,HYPT,VIZG,capesize,7.47,15,False,9.509154817527671,573.8401285326722
2026-08-05,HYPT,VIZG,capesize,7.08,16,False,15.33327224987935,660.8233244740196
2026-08-06,HYPT,VIZG,capesize,6.19,16,False,10.224623832721585,538.2291589607162
2026-08-07,HYPT,VIZG,capesize,6.62,16,False,10.155481830083053,507.85381984716355
2026-08-08,HYPT,VIZG,capesize,6.86,13,False,8.644056838167677,678.0639728104558
2026-08-09,HYPT,VIZG,capesize,6.93,15,False,11.17502932677207,573.6813220183258
2026-08-10,HYPT,VIZG,capesize,6.59,15,False,9.67807933288596,597.5506476736691
2026-08-11,HYPT,VIZG,capesize,6.32,14,False,16.50580755082144,448.35294278647814
2026-08-12,HYPT,VIZG,capesize,6.8,15,False,12.460905422627507,470.7183215617164
2026-08-13,HYPT,VIZG,capesize,7.26,16,False,9.691130775577303,549.3890900381006
2026-08-14,HYPT,VIZG,capesize,7.09,15,False,9.082063026622674,558.2667705526875
2026-08-15,HYPT,VIZG,capesize,7.31,15,False,11.912690434578357,586.0103893739373
2026-08-16,HYPT,VIZG,capesize,7.98,15,False,9.060160790956571,635.1381075714971
2026-08-17,HYPT,VIZG,capesize,7.45,27,False,12.780525288693863,575.3012677199996
2026-08-18,HYPT,VIZG,capesize,6.94,19,False,9.786571329655976,439.9290845761742
2026-08-19,HYPT,VIZG,capesize,6.65,9,False,11.126062404756194,509.9020504171288
2026-08-20,HYPT,VIZG,capesize,8.0,14,False,9.375957527202633,572.7570492397053
2026-08-21,HYPT,VIZG,capesize,7.11,12,False,9.844664769538872,572.0630153374796
2026-08-22,HYPT,VIZG,capesize,7.52,15,False,9.857523774574444,576.1659781245057
2026-08-23,HYPT,VIZG,capesize,6.94,13,False,10.477423775953715,546.5441911006317
2026-08-24,HYPT,VIZG,capesize,7.25,12,False,10.326136661606409,581.0035894107082
2026-08-25,HYPT,VIZG,capesize,8.29,12,False,10.323130575267683,554.5682072222411
2026-08-26,HYPT,VIZG,capesize,7.15,13,False,11.432924441477825,569.0879281257774
2026-08-27,HYPT,VIZG,capesize,7.38,12,False,9.65749994473662,582.2345670206992
2026-08-28,HYPT,VIZG,capesize,7.5,13,False,11.184594003271728,570.0667697902492
2026-07-24,HYPT,VIZG,handysize,15.74,11,False,9.021789443829762,650.1580325409932
2026-07-25,HYPT,VIZG,handysize,14.03,13,False,13.879771566111495,643.6993625429313
2026-07-26,HYPT,VIZG,handysize,14.95,11,False,9.316507578918904,666.3491743004884
2026-07-27,HYPT,VIZG,handysize,16.67,19,False,7.79961933087113,625.3830005804758
2026-07-28,HYPT,VIZG,handysize,14.86,13,False,11.247031166217898,600.2245213927703
2026-07-29,HYPT,VIZG,handysize,15.63,15,False,5.777863413636319,615.7003025948536
2026-07-30,HYPT,VIZG,handysize,16.06,15,False,8.231493055859472,801.9233444630702
2026-07-31,HYPT,VIZG,handysize,15.11,14,False,8.110423076042995,685.1256561704948
2026-08-01,HYPT,VIZG,handysize,13.51,12,False,7.765700552103685,597.2252481544682
2026-08-02,HYPT,VIZG,handysize,13.55,19,False,3.640723595469222,460.3024253486705
2026-08-03,HYPT,VIZG,handysize,13.68,14,False,14.247240590954108,553.8247891861207
2026-08-04,HYPT,VIZG,handysize,14.82,15,False,9.509154817527671,573.8401285326722
2026-08-05,HYPT,VIZG,handysize,14.13,16,False,15.33327224987935,660.8233244740196
2026-08-06,HYPT,VIZG,handysize,12.31,16,False,10.224623832721585,538.2291589607162
2026-08-07,HYPT,VIZG,handysize,13.13,16,False,10.155481830083053,507.85381984716355
2026-08-08,HYPT,VIZG,handysize,13.72,13,False,8.644056838167677,678.0639728104558
2026-08-09,HYPT,VIZG,handysize,13.78,15,False,11.17502932677207,573.6813220183258
2026-08-10,HYPT,VIZG,handysize,13.14,15,False,9.67807933288596,597.5506476736691
2026-08-11,HYPT,VIZG,handysize,12.5,14,False,16.50580755082144,448.35294278647814
2026-08-12,HYPT,VIZG,handysize,13.45,15,False,12.460905422627507,470.7183215617164
2026-08-13,HYPT,VIZG,handysize,14.38,16,False,9.691130775577303,549.3890900381006
2026-08-14,HYPT,VIZG,handysize,14.07,15,False,9.082063026622674,558.2667705526875
2026-08-15,HYPT,VIZG,handysize,14.51,15,False,11.912690434578357,586.0103893739373
2026-08-16,HYPT,VIZG,handysize,15.84,15,False,9.060160790956571,635.1381075714971
2026-08-17,HYPT,VIZG,handysize,14.78,27,False,12.780525288693863,575.3012677199996
2026-08-18,HYPT,VIZG,handysize,13.69,19,False,9.786571329655976,439.9290845761742
2026-08-19,HYPT,VIZG,handysize,13.19,9,False,11.126062404756194,509.9020504171288
2026-08-20,HYPT,VIZG,handysize,15.84,14,False,9.375957527202633,572.7570492397053
2026-08-21,HYPT,VIZG,handysize,14.12,12,False,9.844664769538872,572.0630153374796
2026-08-22,HYPT,VIZG,handysize,14.91,15,False,9.857523774574444,576.1659781245057
2026-08-23,HYPT,VIZG,handysize,13.77,13,False,10.477423775953715,546.5441911006317
2026-08-24,HYPT,VIZG,handysize,14.4,12,False,10.326136661606409,581.0035894107082
2026-08-25,HYPT,VIZG,handysize,16.38,12,False,10.323130575267683,554.5682072222411
2026-08-26,HYPT,VIZG,handysize,14.2,13,False,11.432924441477825,569.0879281257774
2026-08-27,HYPT,VIZG,handysize,14.64,12,False,9.65749994473662,582.2345670206992
2026-08-28,HYPT,VIZG,handysize,14.87,13,False,11.184594003271728,570.0667697902492
2026-07-24,HYPT,VIZG,panamax,10.59,11,False,9.021789443829762,650.1580325409932
2026-07-25,HYPT,VIZG,panamax,9.43,13,False,13.879771566111495,643.6993625429313
2026-07-26,HYPT,VIZG,panamax,10.05,11,False,9.316507578918904,666.3491743004884
2026-07-27,HYPT,VIZG,panamax,11.24,19,False,7.79961933087113,625.3830005804758
2026-07-28,HYPT,VIZG,panamax,10.01,13,False,11.247031166217898,600.2245213927703
2026-07-29,HYPT,VIZG,panamax,10.53,15,False,5.777863413636319,615.7003025948536
2026-07-30,HYPT,VIZG,panamax,10.76,15,False,8.231493055859472,801.9233444630702
2026-07-31,HYPT,VIZG,panamax,10.16,14,False,8.110423076042995,685.1256561704948
2026-08-01,HYPT,VIZG,panamax,9.09,12,False,7.765700552103685,597.2252481544682
2026-08-02,HYPT,VIZG,panamax,9.16,19,False,3.640723595469222,460.3024253486705
2026-08-03,HYPT,VIZG,panamax,9.21,14,False,14.247240590954108,553.8247891861207
2026-08-04,HYPT,VIZG,panamax,9.99,15,False,9.509154817527671,573.8401285326722
2026-08-05,HYPT,VIZG,panamax,9.5,16,False,15.33327224987935,660.8233244740196
2026-08-06,HYPT,VIZG,panamax,8.29,16,False,10.224623832721585,538.2291589607162
2026-08-07,HYPT,VIZG,panamax,8.86,16,False,10.155481830083053,507.85381984716355
2026-08-08,HYPT,VIZG,panamax,9.21,13,False,8.644056838167677,678.0639728104558
2026-08-09,HYPT,VIZG,panamax,9.28,15,False,11.17502932677207,573.6813220183258
2026-08-10,HYPT,VIZG,panamax,8.83,15,False,9.67807933288596,597.5506476736691
2026-08-11,HYPT,VIZG,panamax,8.44,14,False,16.50580755082144,448.35294278647814
2026-08-12,HYPT,VIZG,panamax,9.09,15,False,12.460905422627507,470.7183215617164
2026-08-13,HYPT,VIZG,panamax,9.7,16,False,9.691130775577303,549.3890900381006
2026-08-14,HYPT,VIZG,panamax,9.48,15,False,9.082063026622674,558.2667705526875
2026-08-15,HYPT,VIZG,panamax,9.77,15,False,11.912690434578357,586.0103893739373
2026-08-16,HYPT,VIZG,panamax,10.66,15,False,9.060160790956571,635.1381075714971
2026-08-17,HYPT,VIZG,panamax,9.96,27,False,12.780525288693863,575.3012677199996
2026-08-18,HYPT,VIZG,panamax,9.26,19,False,9.786571329655976,439.9290845761742
2026-08-19,HYPT,VIZG,panamax,8.9,9,False,11.126062404756194,509.9020504171288
2026-08-20,HYPT,VIZG,panamax,10.68,14,False,9.375957527202633,572.7570492397053
2026-08-21,HYPT,VIZG,panamax,9.51,12,False,9.844664769538872,572.0630153374796
2026-08-22,HYPT,VIZG,panamax,10.05,15,False,9.857523774574444,576.1659781245057
2026-08-23,HYPT,VIZG,panamax,9.28,13,False,10.477423775953715,546.5441911006317
2026-08-24,HYPT,VIZG,panamax,9.7,12,False,10.326136661606409,581.0035894107082
2026-08-25,HYPT,VIZG,panamax,11.06,12,False,10.323130575267683,554.5682072222411
2026-08-26,HYPT,VIZG,panamax,9.57,13,False,11.432924441477825,569.0879281257774
2026-08-27,HYPT,VIZG,panamax,9.86,12,False,9.65749994473662,582.2345670206992
2026-08-28,HYPT,VIZG,panamax,10.03,13,False,11.184594003271728,570.0667697902492
2026-07-24,HYPT,VIZG,supramax,11.57,11,False,9.021789443829762,650.1580325409932
2026-07-25,HYPT,VIZG,supramax,10.31,13,False,13.879771566111495,643.6993625429313
2026-07-26,HYPT,VIZG,supramax,10.98,11,False,9.316507578918904,666.3491743004884
2026-07-27,HYPT,VIZG,supramax,12.27,19,False,7.79961933087113,625.3830005804758
2026-07-28,HYPT,VIZG,supramax,10.93,13,False,11.247031166217898,600.2245213927703
2026-07-29,HYPT,VIZG,supramax,11.5,15,False,5.777863413636319,615.7003025948536
2026-07-30,HYPT,VIZG,supramax,11.78,15,False,8.231493055859472,801.9233444630702
2026-07-31,HYPT,VIZG,supramax,11.1,14,False,8.110423076042995,685.1256561704948
2026-08-01,HYPT,VIZG,supramax,9.93,12,False,7.765700552103685,597.2252481544682
2026-08-02,HYPT,VIZG,supramax,9.99,19,False,3.640723595469222,460.3024253486705
2026-08-03,HYPT,VIZG,supramax,10.06,14,False,14.247240590954108,553.8247891861207
2026-08-04,HYPT,VIZG,supramax,10.9,15,False,9.509154817527671,573.8401285326722
2026-08-05,HYPT,VIZG,supramax,10.38,16,False,15.33327224987935,660.8233244740196
2026-08-06,HYPT,VIZG,supramax,9.06,16,False,10.224623832721585,538.2291589607162
2026-08-07,HYPT,VIZG,supramax,9.67,16,False,10.155481830083053,507.85381984716355
2026-08-08,HYPT,VIZG,supramax,10.06,13,False,8.644056838167677,678.0639728104558
2026-08-09,HYPT,VIZG,supramax,10.13,15,False,11.17502932677207,573.6813220183258
2026-08-10,HYPT,VIZG,supramax,9.65,15,False,9.67807933288596,597.5506476736691
2026-08-11,HYPT,VIZG,supramax,9.21,14,False,16.50580755082144,448.35294278647814
2026-08-12,HYPT,VIZG,supramax,9.91,15,False,12.460905422627507,470.7183215617164
2026-08-13,HYPT,VIZG,supramax,10.59,16,False,9.691130775577303,549.3890900381006
2026-08-14,HYPT,VIZG,supramax,10.35,15,False,9.082063026622674,558.2667705526875
2026-08-15,HYPT,VIZG,supramax,10.67,15,False,11.912690434578357,586.0103893739373
2026-08-16,HYPT,VIZG,supramax,11.64,15,False,9.060160790956571,635.1381075714971
2026-08-17,HYPT,VIZG,supramax,10.87,27,False,12.780525288693863,575.3012677199996
2026-08-18,HYPT,VIZG,supramax,10.09,19,False,9.786571329655976,439.9290845761742
2026-08-19,HYPT,VIZG,supramax,9.71,9,False,11.126062404756194,509.9020504171288
2026-08-20,HYPT,VIZG,supramax,11.66,14,False,9.375957527202633,572.7570492397053
2026-08-21,HYPT,VIZG,supramax,10.39,12,False,9.844664769538872,572.0630153374796
2026-08-22,HYPT,VIZG,supramax,10.97,15,False,9.857523774574444,576.1659781245057
2026-08-23,HYPT,VIZG,supramax,10.13,13,False,10.477423775953715,546.5441911006317
2026-08-24,HYPT,VIZG,supramax,10.59,12,False,10.326136661606409,581.0035894107082
2026-08-25,HYPT,VIZG,supramax,12.07,12,False,10.323130575267683,554.5682072222411
2026-08-26,HYPT,VIZG,supramax,10.45,13,False,11.432924441477825,569.0879281257774
2026-08-27,HYPT,VIZG,supramax,10.77,12,False,9.65749994473662,582.2345670206992
2026-08-28,HYPT,VIZG,supramax,10.95,13,False,11.184594003271728,570.0667697902492
2026-07-24,MBOZ,GPPR,capesize,8.03,3,False,38.5398818486255,650.1580325409932
2026-07-25,MBOZ,GPPR,capesize,7.13,3,False,52.31827166552524,643.6993625429313
2026-07-26,MBOZ,GPPR,capesize,7.61,3,False,43.427277676585476,666.3491743004884
2026-07-27,MBOZ,GPPR,capesize,8.52,3,False,43.573091311188406,625.3830005804758
2026-07-28,MBOZ,GPPR,capesize,7.58,3,False,44.85057649191887,600.2245213927703
2026-07-29,MBOZ,GPPR,capesize,7.98,3,False,40.55884761726786,615.7003025948536
2026-07-30,MBOZ,GPPR,capesize,8.14,3,False,43.47025200377828,801.9233444630702
2026-07-31,MBOZ,GPPR,capesize,7.69,4,False,41.05735795868331,685.1256561704948
2026-08-01,MBOZ,GPPR,capesize,6.88,2,False,42.95657170824802,597.2252481544682
2026-08-02,MBOZ,GPPR,capesize,6.95,3,False,42.49237298560376,460.3024253486705
2026-08-03,MBOZ,GPPR,capesize,6.98,3,False,44.960448068540934,553.8247891861207
2026-08-04,MBOZ,GPPR,capesize,7.57,2,False,39.66439336846528,573.8401285326722
2026-08-05,MBOZ,GPPR,capesize,7.18,2,False,37.753260444949696,660.8233244740196
2026-08-06,MBOZ,GPPR,capesize,6.27,4,False,35.26354692795329,538.2291589607162
2026-08-07,MBOZ,GPPR,capesize,6.71,3,False,45.057918934776175,507.85381984716355
2026-08-08,MBOZ,GPPR,capesize,6.95,3,False,42.22190273679705,678.0639728104558
2026-08-09,MBOZ,GPPR,capesize,7.02,2,False,23.970406432858482,573.6813220183258
2026-08-10,MBOZ,GPPR,capesize,6.68,3,False,33.744196160887526,597.5506476736691
2026-08-11,MBOZ,GPPR,capesize,6.4,3,False,67.84334540582597,448.35294278647814
2026-08-12,MBOZ,GPPR,capesize,6.89,3,False,40.623847708060936,470.7183215617164
2026-08-13,MBOZ,GPPR,capesize,7.35,3,False,30.69607041090989,549.3890900381006
2026-08-14,MBOZ,GPPR,capesize,7.18,3,False,23.39234281573199,558.2667705526875
2026-08-15,MBOZ,GPPR,capesize,7.41,4,False,30.750113558327065,586.0103893739373
2026-08-16,MBOZ,GPPR,capesize,8.08,3,False,25.449332010488348,635.1381075714971
2026-08-17,MBOZ,GPPR,capesize,7.55,3,False,44.40769607461919,575.3012677199996
2026-08-18,MBOZ,GPPR,capesize,7.03,3,False,41.47732114353026,439.9290845761742
2026-08-19,MBOZ,GPPR,capesize,6.74,4,False,37.01996929127603,509.9020504171288
2026-08-20,MBOZ,GPPR,capesize,8.11,3,False,48.81581410385151,572.7570492397053
2026-08-21,MBOZ,GPPR,capesize,7.21,3,False,36.113864510075466,572.0630153374796
2026-08-22,MBOZ,GPPR,capesize,7.62,4,False,35.771726173333406,576.1659781245057
2026-08-23,MBOZ,GPPR,capesize,7.03,4,False,34.568202279749705,546.5441911006317
2026-08-24,MBOZ,GPPR,capesize,7.35,3,False,80.3314573186822,581.0035894107082
2026-08-25,MBOZ,GPPR,capesize,8.4,3,False,34.30920270363846,554.5682072222411
2026-08-26,MBOZ,GPPR,capesize,7.25,4,False,27.984188677925918,569.0879281257774
2026-08-27,MBOZ,GPPR,capesize,7.47,3,False,37.44407675858598,582.2345670206992
2026-08-28,MBOZ,GPPR,capesize,7.6,4,False,57.60460253323165,570.0667697902492
2026-07-24,MBOZ,GPPR,handysize,15.96,3,False,38.5398818486255,650.1580325409932
2026-07-25,MBOZ,GPPR,handysize,14.23,3,False,52.31827166552524,643.6993625429313
2026-07-26,MBOZ,GPPR,handysize,15.15,3,False,43.427277676585476,666.3491743004884
2026-07-27,MBOZ,GPPR,handysize,16.9,3,False,43.573091311188406,625.3830005804758
2026-07-28,MBOZ,GPPR,handysize,15.06,3,False,44.85057649191887,600.2245213927703
2026-07-29,MBOZ,GPPR,handysize,15.84,3,False,40.55884761726786,615.7003025948536
2026-07-30,MBOZ,GPPR,handysize,16.29,3,False,43.47025200377828,801.9233444630702
2026-07-31,MBOZ,GPPR,handysize,15.32,4,False,41.05735795868331,685.1256561704948
2026-08-01,MBOZ,GPPR,handysize,13.7,2,False,42.95657170824802,597.2252481544682
2026-08-02,MBOZ,GPPR,handysize,13.73,3,False,42.49237298560376,460.3024253486705
2026-08-03,MBOZ,GPPR,handysize,13.86,3,False,44.960448068540934,553.8247891861207
2026-08-04,MBOZ,GPPR,handysize,15.02,2,False,39.66439336846528,573.8401285326722
2026-08-05,MBOZ,GPPR,handysize,14.33,2,False,37.753260444949696,660.8233244740196
2026-08-06,MBOZ,GPPR,handysize,12.48,4,False,35.26354692795329,538.2291589607162
2026-08-07,MBOZ,GPPR,handysize,13.31,3,False,45.057918934776175,507.85381984716355
2026-08-08,MBOZ,GPPR,handysize,13.91,3,False,42.22190273679705,678.0639728104558
2026-08-09,MBOZ,GPPR,handysize,13.97,2,False,23.970406432858482,573.6813220183258
2026-08-10,MBOZ,GPPR,handysize,13.32,3,False,33.744196160887526,597.5506476736691
2026-08-11,MBOZ,GPPR,handysize,12.66,3,False,67.84334540582597,448.35294278647814
2026-08-12,MBOZ,GPPR,handysize,13.63,3,False,40.623847708060936,470.7183215617164
2026-08-13,MBOZ,GPPR,handysize,14.58,3,False,30.69607041090989,549.3890900381006
2026-08-14,MBOZ,GPPR,handysize,14.26,3,False,23.39234281573199,558.2667705526875
2026-08-15,MBOZ,GPPR,handysize,14.71,4,False,30.750113558327065,586.0103893739373
2026-08-16,MBOZ,GPPR,handysize,16.06,3,False,25.449332010488348,635.1381075714971
2026-08-17,MBOZ,GPPR,handysize,14.98,3,False,44.40769607461919,575.3012677199996
2026-08-18,MBOZ,GPPR,handysize,13.87,3,False,41.47732114353026,439.9290845761742
2026-08-19,MBOZ,GPPR,handysize,13.37,4,False,37.01996929127603,509.9020504171288
2026-08-20,MBOZ,GPPR,handysize,16.05,3,False,48.81581410385151,572.7570492397053
2026-08-21,MBOZ,GPPR,handysize,14.31,3,False,36.113864510075466,572.0630153374796
2026-08-22,MBOZ,GPPR,handysize,15.11,4,False,35.771726173333406,576.1659781245057
2026-08-23,MBOZ,GPPR,handysize,13.96,4,False,34.568202279749705,546.5441911006317
2026-08-24,MBOZ,GPPR,handysize,14.6,3,False,80.3314573186822,581.0035894107082
2026-08-25,MBOZ,GPPR,handysize,16.6,3,False,34.30920270363846,554.5682072222411
2026-08-26,MBOZ,GPPR,handysize,14.39,4,False,27.984188677925918,569.0879281257774
2026-08-27,MBOZ,GPPR,handysize,14.84,3,False,37.44407675858598,582.2345670206992
2026-08-28,MBOZ,GPPR,handysize,15.08,4,False,57.60460253323165,570.0667697902492
2026-07-24,MBOZ,GPPR,panamax,10.73,3,False,38.5398818486255,650.1580325409932
2026-07-25,MBOZ,GPPR,panamax,9.56,3,False,52.31827166552524,643.6993625429313
2026-07-26,MBOZ,GPPR,panamax,10.19,3,False,43.427277676585476,666.3491743004884
2026-07-27,MBOZ,GPPR,panamax,11.39,3,False,43.573091311188406,625.3830005804758
2026-07-28,MBOZ,GPPR,panamax,10.14,3,False,44.85057649191887,600.2245213927703
2026-07-29,MBOZ,GPPR,panamax,10.67,3,False,40.55884761726786,615.7003025948536
2026-07-30,MBOZ,GPPR,panamax,10.91,3,False,43.47025200377828,801.9233444630702
2026-07-31,MBOZ,GPPR,panamax,10.29,4,False,41.05735795868331,685.1256561704948
2026-08-01,MBOZ,GPPR,panamax,9.21,2,False,42.95657170824802,597.2252481544682
2026-08-02,MBOZ,GPPR,panamax,9.28,3,False,42.49237298560376,460.3024253486705
2026-08-03,MBOZ,GPPR,panamax,9.33,3,False,44.960448068540934,553.8247891861207
2026-08-04,MBOZ,GPPR,panamax,10.12,2,False,39.66439336846528,573.8401285326722
2026-08-05,MBOZ,GPPR,panamax,9.62,2,False,37.753260444949696,660.8233244740196
2026-08-06,MBOZ,GPPR,panamax,8.4,4,False,35.26354692795329,538.2291589607162
2026-08-07,MBOZ,GPPR,panamax,8.97,3,False,45.057918934776175,507.85381984716355
2026-08-08,MBOZ,GPPR,panamax,9.33,3,False,42.22190273679705,678.0639728104558
2026-08-09,MBOZ,GPPR,panamax,9.4,2,False,23.970406432858482,573.6813220183258
2026-08-10,MBOZ,GPPR,panamax,8.95,3,False,33.744196160887526,597.5506476736691
2026-08-11,MBOZ,GPPR,panamax,8.55,3,False,67.84334540582597,448.35294278647814
2026-08-12,MBOZ,GPPR,panamax,9.21,3,False,40.623847708060936,470.7183215617164
2026-08-13,MBOZ,GPPR,panamax,9.83,3,False,30.69607041090989,549.3890900381006
2026-08-14,MBOZ,GPPR,panamax,9.61,3,False,23.39234281573199,558.2667705526875
2026-08-15,MBOZ,GPPR,panamax,9.9,4,False,30.750113558327065,586.0103893739373
2026-08-16,MBOZ,GPPR,panamax,10.81,3,False,25.449332010488348,635.1381075714971
2026-08-17,MBOZ,GPPR,panamax,10.09,3,False,44.40769607461919,575.3012677199996
2026-08-18,MBOZ,GPPR,panamax,9.38,3,False,41.47732114353026,439.9290845761742
2026-08-19,MBOZ,GPPR,panamax,9.02,4,False,37.01996929127603,509.9020504171288
2026-08-20,MBOZ,GPPR,panamax,10.82,3,False,48.81581410385151,572.7570492397053
2026-08-21,MBOZ,GPPR,panamax,9.64,3,False,36.113864510075466,572.0630153374796
2026-08-22,MBOZ,GPPR,panamax,10.18,4,False,35.771726173333406,576.1659781245057
2026-08-23,MBOZ,GPPR,panamax,9.4,4,False,34.568202279749705,546.5441911006317
2026-08-24,MBOZ,GPPR,panamax,9.83,3,False,80.3314573186822,581.0035894107082
2026-08-25,MBOZ,GPPR,panamax,11.2,3,False,34.30920270363846,554.5682072222411
2026-08-26,MBOZ,GPPR,panamax,9.69,4,False,27.984188677925918,569.0879281257774
2026-08-27,MBOZ,GPPR,panamax,9.99,3,False,37.44407675858598,582.2345670206992
2026-08-28,MBOZ,GPPR,panamax,10.16,4,False,57.60460253323165,570.0667697902492
2026-07-24,MBOZ,GPPR,supramax,11.73,3,False,38.5398818486255,650.1580325409932
2026-07-25,MBOZ,GPPR,supramax,10.45,3,False,52.31827166552524,643.6993625429313
2026-07-26,MBOZ,GPPR,supramax,11.13,3,False,43.427277676585476,666.3491743004884
2026-07-27,MBOZ,GPPR,supramax,12.43,3,False,43.573091311188406,625.3830005804758
2026-07-28,MBOZ,GPPR,supramax,11.08,3,False,44.85057649191887,600.2245213927703
2026-07-29,MBOZ,GPPR,supramax,11.65,3,False,40.55884761726786,615.7003025948536
2026-07-30,MBOZ,GPPR,supramax,11.94,3,False,43.47025200377828,801.9233444630702
2026-07-31,MBOZ,GPPR,supramax,11.26,4,False,41.05735795868331,685.1256561704948
2026-08-01,MBOZ,GPPR,supramax,10.06,2,False,42.95657170824802,597.2252481544682
2026-08-02,MBOZ,GPPR,supramax,10.12,3,False,42.49237298560376,460.3024253486705
2026-08-03,MBOZ,GPPR,supramax,10.19,3,False,44.960448068540934,553.8247891861207
2026-08-04,MBOZ,GPPR,supramax,11.05,2,False,39.66439336846528,573.8401285326722
2026-08-05,MBOZ,GPPR,supramax,10.52,2,False,37.753260444949696,660.8233244740196
2026-08-06,MBOZ,GPPR,supramax,9.18,4,False,35.26354692795329,538.2291589607162
2026-08-07,MBOZ,GPPR,supramax,9.79,3,False,45.057918934776175,507.85381984716355
2026-08-08,MBOZ,GPPR,supramax,10.2,3,False,42.22190273679705,678.0639728104558
2026-08-09,MBOZ,GPPR,supramax,10.27,2,False,23.970406432858482,573.6813220183258
2026-08-10,MBOZ,GPPR,supramax,9.79,3,False,33.744196160887526,597.5506476736691
2026-08-11,MBOZ,GPPR,supramax,9.33,3,False,67.84334540582597,448.35294278647814
2026-08-12,MBOZ,GPPR,supramax,10.04,3,False,40.623847708060936,470.7183215617164
2026-08-13,MBOZ,GPPR,supramax,10.73,3,False,30.69607041090989,549.3890900381006
2026-08-14,MBOZ,GPPR,supramax,10.49,3,False,23.39234281573199,558.2667705526875
2026-08-15,MBOZ,GPPR,supramax,10.82,4,False,30.750113558327065,586.0103893739373
2026-08-16,MBOZ,GPPR,supramax,11.8,3,False,25.449332010488348,635.1381075714971
2026-08-17,MBOZ,GPPR,supramax,11.01,3,False,44.40769607461919,575.3012677199996
2026-08-18,MBOZ,GPPR,supramax,10.22,3,False,41.47732114353026,439.9290845761742
2026-08-19,MBOZ,GPPR,supramax,9.84,4,False,37.01996929127603,509.9020504171288
2026-08-20,MBOZ,GPPR,supramax,11.81,3,False,48.81581410385151,572.7570492397053
2026-08-21,MBOZ,GPPR,supramax,10.53,3,False,36.113864510075466,572.0630153374796
2026-08-22,MBOZ,GPPR,supramax,11.12,4,False,35.771726173333406,576.1659781245057
2026-08-23,MBOZ,GPPR,supramax,10.27,4,False,34.568202279749705,546.5441911006317
2026-08-24,MBOZ,GPPR,supramax,10.74,3,False,80.3314573186822,581.0035894107082
2026-08-25,MBOZ,GPPR,supramax,12.23,3,False,34.30920270363846,554.5682072222411
2026-08-26,MBOZ,GPPR,supramax,10.59,4,False,27.984188677925918,569.0879281257774
2026-08-27,MBOZ,GPPR,supramax,10.91,3,False,37.44407675858598,582.2345670206992
2026-08-28,MBOZ,GPPR,supramax,11.1,4,False,57.60460253323165,570.0667697902492
2026-07-24,MBOZ,PRDP,capesize,8.05,14,False,38.5398818486255,650.1580325409932
2026-07-25,MBOZ,PRDP,capesize,7.16,13,False,52.31827166552524,643.6993625429313
2026-07-26,MBOZ,PRDP,capesize,7.63,15,False,43.427277676585476,666.3491743004884
2026-07-27,MBOZ,PRDP,capesize,8.55,20,False,43.573091311188406,625.3830005804758
2026-07-28,MBOZ,PRDP,capesize,7.61,14,False,44.85057649191887,600.2245213927703
2026-07-29,MBOZ,PRDP,capesize,8.01,14,False,40.55884761726786,615.7003025948536
2026-07-30,MBOZ,PRDP,capesize,8.16,18,False,43.47025200377828,801.9233444630702
2026-07-31,MBOZ,PRDP,capesize,7.71,19,False,41.05735795868331,685.1256561704948
2026-08-01,MBOZ,PRDP,capesize,6.9,19,False,42.95657170824802,597.2252481544682
2026-08-02,MBOZ,PRDP,capesize,6.97,22,False,42.49237298560376,460.3024253486705
2026-08-03,MBOZ,PRDP,capesize,7.0,21,False,44.960448068540934,553.8247891861207
2026-08-04,MBOZ,PRDP,capesize,7.6,19,False,39.66439336846528,573.8401285326722
2026-08-05,MBOZ,PRDP,capesize,7.21,19,False,37.753260444949696,660.8233244740196
2026-08-06,MBOZ,PRDP,capesize,6.29,17,False,35.26354692795329,538.2291589607162
2026-08-07,MBOZ,PRDP,capesize,6.73,18,False,45.057918934776175,507.85381984716355
2026-08-08,MBOZ,PRDP,capesize,6.98,15,False,42.22190273679705,678.0639728104558
2026-08-09,MBOZ,PRDP,capesize,7.05,18,False,23.970406432858482,573.6813220183258
2026-08-10,MBOZ,PRDP,capesize,6.7,17,False,33.744196160887526,597.5506476736691
2026-08-11,MBOZ,PRDP,capesize,6.42,16,False,67.84334540582597,448.35294278647814
2026-08-12,MBOZ,PRDP,capesize,6.92,19,False,40.623847708060936,470.7183215617164
2026-08-13,MBOZ,PRDP,capesize,7.38,15,False,30.69607041090989,549.3890900381006
2026-08-14,MBOZ,PRDP,capesize,7.21,16,False,23.39234281573199,558.2667705526875
2026-08-15,MBOZ,PRDP,capesize,7.43,14,False,30.750113558327065,586.0103893739373
2026-08-16,MBOZ,PRDP,capesize,8.11,17,False,25.449332010488348,635.1381075714971
2026-08-17,MBOZ,PRDP,capesize,7.57,21,False,44.40769607461919,575.3012677199996
2026-08-18,MBOZ,PRDP,capesize,7.05,18,False,41.47732114353026,439.9290845761742
2026-08-19,MBOZ,PRDP,capesize,6.76,16,False,37.01996929127603,509.9020504171288
2026-08-20,MBOZ,PRDP,capesize,8.13,16,False,48.81581410385151,572.7570492397053
2026-08-21,MBOZ,PRDP,capesize,7.23,18,False,36.113864510075466,572.0630153374796
2026-08-22,MBOZ,PRDP,capesize,7.65,17,False,35.771726173333406,576.1659781245057
2026-08-23,MBOZ,PRDP,capesize,7.06,20,False,34.568202279749705,546.5441911006317
2026-08-24,MBOZ,PRDP,capesize,7.37,18,False,80.3314573186822,581.0035894107082
2026-08-25,MBOZ,PRDP,capesize,8.43,16,False,34.30920270363846,554.5682072222411
2026-08-26,MBOZ,PRDP,capesize,7.27,16,False,27.984188677925918,569.0879281257774
2026-08-27,MBOZ,PRDP,capesize,7.5,17,False,37.44407675858598,582.2345670206992
2026-08-28,MBOZ,PRDP,capesize,7.63,17,False,57.60460253323165,570.0667697902492
2026-07-24,MBOZ,PRDP,handysize,16.01,14,False,38.5398818486255,650.1580325409932
2026-07-25,MBOZ,PRDP,handysize,14.28,13,False,52.31827166552524,643.6993625429313
2026-07-26,MBOZ,PRDP,handysize,15.21,15,False,43.427277676585476,666.3491743004884
2026-07-27,MBOZ,PRDP,handysize,16.96,20,False,43.573091311188406,625.3830005804758
2026-07-28,MBOZ,PRDP,handysize,15.11,14,False,44.85057649191887,600.2245213927703
2026-07-29,MBOZ,PRDP,handysize,15.9,14,False,40.55884761726786,615.7003025948536
2026-07-30,MBOZ,PRDP,handysize,16.34,18,False,43.47025200377828,801.9233444630702
2026-07-31,MBOZ,PRDP,handysize,15.38,19,False,41.05735795868331,685.1256561704948
2026-08-01,MBOZ,PRDP,handysize,13.74,19,False,42.95657170824802,597.2252481544682
2026-08-02,MBOZ,PRDP,handysize,13.78,22,False,42.49237298560376,460.3024253486705
2026-08-03,MBOZ,PRDP,handysize,13.91,21,False,44.960448068540934,553.8247891861207
2026-08-04,MBOZ,PRDP,handysize,15.07,19,False,39.66439336846528,573.8401285326722
2026-08-05,MBOZ,PRDP,handysize,14.38,19,False,37.753260444949696,660.8233244740196
2026-08-06,MBOZ,PRDP,handysize,12.52,17,False,35.26354692795329,538.2291589607162
2026-08-07,MBOZ,PRDP,handysize,13.35,18,False,45.057918934776175,507.85381984716355
2026-08-08,MBOZ,PRDP,handysize,13.96,15,False,42.22190273679705,678.0639728104558
2026-08-09,MBOZ,PRDP,handysize,14.01,18,False,23.970406432858482,573.6813220183258
2026-08-10,MBOZ,PRDP,handysize,13.37,17,False,33.744196160887526,597.5506476736691
2026-08-11,MBOZ,PRDP,handysize,12.71,16,False,67.84334540582597,448.35294278647814
2026-08-12,MBOZ,PRDP,handysize,13.68,19,False,40.623847708060936,470.7183215617164
2026-08-13,MBOZ,PRDP,handysize,14.63,15,False,30.69607041090989,549.3890900381006
2026-08-14,MBOZ,PRDP,handysize,14.31,16,False,23.39234281573199,558.2667705526875
2026-08-15,MBOZ,PRDP,handysize,14.76,14,False,30.750113558327065,586.0103893739373
2026-08-16,MBOZ,PRDP,handysize,16.11,17,False,25.449332010488348,635.1381075714971
2026-08-17,MBOZ,PRDP,handysize,15.03,21,False,44.40769607461919,575.3012677199996
2026-08-18,MBOZ,PRDP,handysize,13.91,18,False,41.47732114353026,439.9290845761742
2026-08-19,MBOZ,PRDP,handysize,13.41,16,False,37.01996929127603,509.9020504171288
2026-08-20,MBOZ,PRDP,handysize,16.1,16,False,48.81581410385151,572.7570492397053
2026-08-21,MBOZ,PRDP,handysize,14.36,18,False,36.113864510075466,572.0630153374796
2026-08-22,MBOZ,PRDP,handysize,15.16,17,False,35.771726173333406,576.1659781245057
2026-08-23,MBOZ,PRDP,handysize,14.01,20,False,34.568202279749705,546.5441911006317
2026-08-24,MBOZ,PRDP,handysize,14.65,18,False,80.3314573186822,581.0035894107082
2026-08-25,MBOZ,PRDP,handysize,16.66,16,False,34.30920270363846,554.5682072222411
2026-08-26,MBOZ,PRDP,handysize,14.44,16,False,27.984188677925918,569.0879281257774
2026-08-27,MBOZ,PRDP,handysize,14.89,17,False,37.44407675858598,582.2345670206992
2026-08-28,MBOZ,PRDP,handysize,15.13,17,False,57.60460253323165,570.0667697902492
2026-07-24,MBOZ,PRDP,panamax,10.77,14,False,38.5398818486255,650.1580325409932
2026-07-25,MBOZ,PRDP,panamax,9.59,13,False,52.31827166552524,643.6993625429313
2026-07-26,MBOZ,PRDP,panamax,10.22,15,False,43.427277676585476,666.3491743004884
2026-07-27,MBOZ,PRDP,panamax,11.42,20,False,43.573091311188406,625.3830005804758
2026-07-28,MBOZ,PRDP,panamax,10.18,14,False,44.85057649191887,600.2245213927703
2026-07-29,MBOZ,PRDP,panamax,10.71,14,False,40.55884761726786,615.7003025948536
2026-07-30,MBOZ,PRDP,panamax,10.95,18,False,43.47025200377828,801.9233444630702
2026-07-31,MBOZ,PRDP,panamax,10.33,19,False,41.05735795868331,685.1256561704948
2026-08-01,MBOZ,PRDP,panamax,9.24,19,False,42.95657170824802,597.2252481544682
2026-08-02,MBOZ,PRDP,panamax,9.31,22,False,42.49237298560376,460.3024253486705
2026-08-03,MBOZ,PRDP,panamax,9.37,21,False,44.960448068540934,553.8247891861207
2026-08-04,MBOZ,PRDP,panamax,10.15,19,False,39.66439336846528,573.8401285326722
2026-08-05,MBOZ,PRDP,panamax,9.66,19,False,37.753260444949696,660.8233244740196
2026-08-06,MBOZ,PRDP,panamax,8.43,17,False,35.26354692795329,538.2291589607162
2026-08-07,MBOZ,PRDP,panamax,9.0,18,False,45.057918934776175,507.85381984716355
2026-08-08,MBOZ,PRDP,panamax,9.36,15,False,42.22190273679705,678.0639728104558
2026-08-09,MBOZ,PRDP,panamax,9.43,18,False,23.970406432858482,573.6813220183258
2026-08-10,MBOZ,PRDP,panamax,8.98,17,False,33.744196160887526,597.5506476736691
2026-08-11,MBOZ,PRDP,panamax,8.58,16,False,67.84334540582597,448.35294278647814
2026-08-12,MBOZ,PRDP,panamax,9.24,19,False,40.623847708060936,470.7183215617164
2026-08-13,MBOZ,PRDP,panamax,9.86,15,False,30.69607041090989,549.3890900381006
2026-08-14,MBOZ,PRDP,panamax,9.64,16,False,23.39234281573199,558.2667705526875
2026-08-15,MBOZ,PRDP,panamax,9.94,14,False,30.750113558327065,586.0103893739373
2026-08-16,MBOZ,PRDP,panamax,10.84,17,False,25.449332010488348,635.1381075714971
2026-08-17,MBOZ,PRDP,panamax,10.12,21,False,44.40769607461919,575.3012677199996
2026-08-18,MBOZ,PRDP,panamax,9.41,18,False,41.47732114353026,439.9290845761742
2026-08-19,MBOZ,PRDP,panamax,9.05,16,False,37.01996929127603,509.9020504171288
2026-08-20,MBOZ,PRDP,panamax,10.86,16,False,48.81581410385151,572.7570492397053
2026-08-21,MBOZ,PRDP,panamax,9.67,18,False,36.113864510075466,572.0630153374796
2026-08-22,MBOZ,PRDP,panamax,10.22,17,False,35.771726173333406,576.1659781245057
2026-08-23,MBOZ,PRDP,panamax,9.43,20,False,34.568202279749705,546.5441911006317
2026-08-24,MBOZ,PRDP,panamax,9.86,18,False,80.3314573186822,581.0035894107082
2026-08-25,MBOZ,PRDP,panamax,11.24,16,False,34.30920270363846,554.5682072222411
2026-08-26,MBOZ,PRDP,panamax,9.73,16,False,27.984188677925918,569.0879281257774
2026-08-27,MBOZ,PRDP,panamax,10.03,17,False,37.44407675858598,582.2345670206992
2026-08-28,MBOZ,PRDP,panamax,10.2,17,False,57.60460253323165,570.0667697902492
2026-07-24,MBOZ,PRDP,supramax,11.77,14,False,38.5398818486255,650.1580325409932
2026-07-25,MBOZ,PRDP,supramax,10.48,13,False,52.31827166552524,643.6993625429313
2026-07-26,MBOZ,PRDP,supramax,11.17,15,False,43.427277676585476,666.3491743004884
2026-07-27,MBOZ,PRDP,supramax,12.48,20,False,43.573091311188406,625.3830005804758
2026-07-28,MBOZ,PRDP,supramax,11.12,14,False,44.85057649191887,600.2245213927703
2026-07-29,MBOZ,PRDP,supramax,11.69,14,False,40.55884761726786,615.7003025948536
2026-07-30,MBOZ,PRDP,supramax,11.99,18,False,43.47025200377828,801.9233444630702
2026-07-31,MBOZ,PRDP,supramax,11.29,19,False,41.05735795868331,685.1256561704948
2026-08-01,MBOZ,PRDP,supramax,10.1,19,False,42.95657170824802,597.2252481544682
2026-08-02,MBOZ,PRDP,supramax,10.15,22,False,42.49237298560376,460.3024253486705
2026-08-03,MBOZ,PRDP,supramax,10.23,21,False,44.960448068540934,553.8247891861207
2026-08-04,MBOZ,PRDP,supramax,11.09,19,False,39.66439336846528,573.8401285326722
2026-08-05,MBOZ,PRDP,supramax,10.56,19,False,37.753260444949696,660.8233244740196
2026-08-06,MBOZ,PRDP,supramax,9.21,17,False,35.26354692795329,538.2291589607162
2026-08-07,MBOZ,PRDP,supramax,9.83,18,False,45.057918934776175,507.85381984716355
2026-08-08,MBOZ,PRDP,supramax,10.24,15,False,42.22190273679705,678.0639728104558
2026-08-09,MBOZ,PRDP,supramax,10.3,18,False,23.970406432858482,573.6813220183258
2026-08-10,MBOZ,PRDP,supramax,9.82,17,False,33.744196160887526,597.5506476736691
2026-08-11,MBOZ,PRDP,supramax,9.36,16,False,67.84334540582597,448.35294278647814
2026-08-12,MBOZ,PRDP,supramax,10.08,19,False,40.623847708060936,470.7183215617164
2026-08-13,MBOZ,PRDP,supramax,10.76,15,False,30.69607041090989,549.3890900381006
2026-08-14,MBOZ,PRDP,supramax,10.52,16,False,23.39234281573199,558.2667705526875
2026-08-15,MBOZ,PRDP,supramax,10.85,14,False,30.750113558327065,586.0103893739373
2026-08-16,MBOZ,PRDP,supramax,11.84,17,False,25.449332010488348,635.1381075714971
2026-08-17,MBOZ,PRDP,supramax,11.05,21,False,44.40769607461919,575.3012677199996
2026-08-18,MBOZ,PRDP,supramax,10.25,18,False,41.47732114353026,439.9290845761742
2026-08-19,MBOZ,PRDP,supramax,9.87,16,False,37.01996929127603,509.9020504171288
2026-08-20,MBOZ,PRDP,supramax,11.85,16,False,48.81581410385151,572.7570492397053
2026-08-21,MBOZ,PRDP,supramax,10.56,18,False,36.113864510075466,572.0630153374796
2026-08-22,MBOZ,PRDP,supramax,11.16,17,False,35.771726173333406,576.1659781245057
2026-08-23,MBOZ,PRDP,supramax,10.3,20,False,34.568202279749705,546.5441911006317
2026-08-24,MBOZ,PRDP,supramax,10.77,18,False,80.3314573186822,581.0035894107082
2026-08-25,MBOZ,PRDP,supramax,12.27,16,False,34.30920270363846,554.5682072222411
2026-08-26,MBOZ,PRDP,supramax,10.62,16,False,27.984188677925918,569.0879281257774
2026-08-27,MBOZ,PRDP,supramax,10.95,17,False,37.44407675858598,582.2345670206992
2026-08-28,MBOZ,PRDP,supramax,11.13,17,False,57.60460253323165,570.0667697902492
2026-07-24,MBOZ,VIZG,capesize,7.99,11,False,38.5398818486255,650.1580325409932
2026-07-25,MBOZ,VIZG,capesize,7.1,13,False,52.31827166552524,643.6993625429313
2026-07-26,MBOZ,VIZG,capesize,7.57,11,False,43.427277676585476,666.3491743004884
2026-07-27,MBOZ,VIZG,capesize,8.48,19,False,43.573091311188406,625.3830005804758
2026-07-28,MBOZ,VIZG,capesize,7.55,13,False,44.85057649191887,600.2245213927703
2026-07-29,MBOZ,VIZG,capesize,7.94,15,False,40.55884761726786,615.7003025948536
2026-07-30,MBOZ,VIZG,capesize,8.1,15,False,43.47025200377828,801.9233444630702
2026-07-31,MBOZ,VIZG,capesize,7.65,14,False,41.05735795868331,685.1256561704948
2026-08-01,MBOZ,VIZG,capesize,6.84,12,False,42.95657170824802,597.2252481544682
2026-08-02,MBOZ,VIZG,capesize,6.92,19,False,42.49237298560376,460.3024253486705
2026-08-03,MBOZ,VIZG,capesize,6.94,14,False,44.960448068540934,553.8247891861207
2026-08-04,MBOZ,VIZG,capesize,7.53,15,False,39.66439336846528,573.8401285326722
2026-08-05,MBOZ,VIZG,capesize,7.15,16,False,37.753260444949696,660.8233244740196
2026-08-06,MBOZ,VIZG,capesize,6.24,16,False,35.26354692795329,538.2291589607162
2026-08-07,MBOZ,VIZG,capesize,6.68,16,False,45.057918934776175,507.85381984716355
2026-08-08,MBOZ,VIZG,capesize,6.92,13,False,42.22190273679705,678.0639728104558
2026-08-09,MBOZ,VIZG,capesize,6.99,15,False,23.970406432858482,573.6813220183258
2026-08-10,MBOZ,VIZG,capesize,6.65,15,False,33.744196160887526,597.5506476736691
2026-08-11,MBOZ,VIZG,capesize,6.37,14,False,67.84334540582597,448.35294278647814
2026-08-12,MBOZ,VIZG,capesize,6.86,15,False,40.623847708060936,470.7183215617164
2026-08-13,MBOZ,VIZG,capesize,7.32,16,False,30.69607041090989,549.3890900381006
2026-08-14,MBOZ,VIZG,capesize,7.15,15,False,23.39234281573199,558.2667705526875
2026-08-15,MBOZ,VIZG,capesize,7.37,15,False,30.750113558327065,586.0103893739373
2026-08-16,MBOZ,VIZG,capesize,8.04,15,False,25.449332010488348,635.1381075714971
2026-08-17,MBOZ,VIZG,capesize,7.51,27,False,44.40769607461919,575.3012677199996
2026-08-18,MBOZ,VIZG,capesize,6.99,19,False,41.47732114353026,439.9290845761742
2026-08-19,MBOZ,VIZG,capesize,6.71,9,False,37.01996929127603,509.9020504171288
2026-08-20,MBOZ,VIZG,capesize,8.07,14,False,48.81581410385151,572.7570492397053
2026-08-21,MBOZ,VIZG,capesize,7.17,12,False,36.113864510075466,572.0630153374796
2026-08-22,MBOZ,VIZG,capesize,7.58,15,False,35.771726173333406,576.1659781245057
2026-08-23,MBOZ,VIZG,capesize,7.0,13,False,34.568202279749705,546.5441911006317
2026-08-24,MBOZ,VIZG,capesize,7.31,12,False,80.3314573186822,581.0035894107082
2026-08-25,MBOZ,VIZG,capesize,8.36,12,False,34.30920270363846,554.5682072222411
2026-08-26,MBOZ,VIZG,capesize,7.21,13,False,27.984188677925918,569.0879281257774
2026-08-27,MBOZ,VIZG,capesize,7.44,12,False,37.44407675858598,582.2345670206992
2026-08-28,MBOZ,VIZG,capesize,7.57,13,False,57.60460253323165,570.0667697902492
2026-07-24,MBOZ,VIZG,handysize,15.88,11,False,38.5398818486255,650.1580325409932
2026-07-25,MBOZ,VIZG,handysize,14.16,13,False,52.31827166552524,643.6993625429313
2026-07-26,MBOZ,VIZG,handysize,15.08,11,False,43.427277676585476,666.3491743004884
2026-07-27,MBOZ,VIZG,handysize,16.81,19,False,43.573091311188406,625.3830005804758
2026-07-28,MBOZ,VIZG,handysize,14.99,13,False,44.85057649191887,600.2245213927703
2026-07-29,MBOZ,VIZG,handysize,15.76,15,False,40.55884761726786,615.7003025948536
2026-07-30,MBOZ,VIZG,handysize,16.2,15,False,43.47025200377828,801.9233444630702
2026-07-31,MBOZ,VIZG,handysize,15.24,14,False,41.05735795868331,685.1256561704948
2026-08-01,MBOZ,VIZG,handysize,13.63,12,False,42.95657170824802,597.2252481544682
2026-08-02,MBOZ,VIZG,handysize,13.67,19,False,42.49237298560376,460.3024253486705
2026-08-03,MBOZ,VIZG,handysize,13.79,14,False,44.960448068540934,553.8247891861207
2026-08-04,MBOZ,VIZG,handysize,14.94,15,False,39.66439336846528,573.8401285326722
2026-08-05,MBOZ,VIZG,handysize,14.26,16,False,37.753260444949696,660.8233244740196
2026-08-06,MBOZ,VIZG,handysize,12.42,16,False,35.26354692795329,538.2291589607162
2026-08-07,MBOZ,VIZG,handysize,13.24,16,False,45.057918934776175,507.85381984716355
2026-08-08,MBOZ,VIZG,handysize,13.84,13,False,42.22190273679705,678.0639728104558
2026-08-09,MBOZ,VIZG,handysize,13.9,15,False,23.970406432858482,573.6813220183258
2026-08-10,MBOZ,VIZG,handysize,13.25,15,False,33.744196160887526,597.5506476736691
2026-08-11,MBOZ,VIZG,handysize,12.6,14,False,67.84334540582597,448.35294278647814
2026-08-12,MBOZ,VIZG,handysize,13.57,15,False,40.623847708060936,470.7183215617164
2026-08-13,MBOZ,VIZG,handysize,14.5,16,False,30.69607041090989,549.3890900381006
2026-08-14,MBOZ,VIZG,handysize,14.19,15,False,23.39234281573199,558.2667705526875
2026-08-15,MBOZ,VIZG,handysize,14.64,15,False,30.750113558327065,586.0103893739373
2026-08-16,MBOZ,VIZG,handysize,15.97,15,False,25.449332010488348,635.1381075714971
2026-08-17,MBOZ,VIZG,handysize,14.9,27,False,44.40769607461919,575.3012677199996
2026-08-18,MBOZ,VIZG,handysize,13.8,19,False,41.47732114353026,439.9290845761742
2026-08-19,MBOZ,VIZG,handysize,13.3,9,False,37.01996929127603,509.9020504171288
2026-08-20,MBOZ,VIZG,handysize,15.97,14,False,48.81581410385151,572.7570492397053
2026-08-21,MBOZ,VIZG,handysize,14.24,12,False,36.113864510075466,572.0630153374796
2026-08-22,MBOZ,VIZG,handysize,15.04,15,False,35.771726173333406,576.1659781245057
2026-08-23,MBOZ,VIZG,handysize,13.89,13,False,34.568202279749705,546.5441911006317
2026-08-24,MBOZ,VIZG,handysize,14.53,12,False,80.3314573186822,581.0035894107082
2026-08-25,MBOZ,VIZG,handysize,16.52,12,False,34.30920270363846,554.5682072222411
2026-08-26,MBOZ,VIZG,handysize,14.32,13,False,27.984188677925918,569.0879281257774
2026-08-27,MBOZ,VIZG,handysize,14.76,12,False,37.44407675858598,582.2345670206992
2026-08-28,MBOZ,VIZG,handysize,15.0,13,False,57.60460253323165,570.0667697902492
2026-07-24,MBOZ,VIZG,panamax,10.68,11,False,38.5398818486255,650.1580325409932
2026-07-25,MBOZ,VIZG,panamax,9.51,13,False,52.31827166552524,643.6993625429313
2026-07-26,MBOZ,VIZG,panamax,10.14,11,False,43.427277676585476,666.3491743004884
2026-07-27,MBOZ,VIZG,panamax,11.33,19,False,43.573091311188406,625.3830005804758
2026-07-28,MBOZ,VIZG,panamax,10.09,13,False,44.85057649191887,600.2245213927703
2026-07-29,MBOZ,VIZG,panamax,10.62,15,False,40.55884761726786,615.7003025948536
2026-07-30,MBOZ,VIZG,panamax,10.86,15,False,43.47025200377828,801.9233444630702
2026-07-31,MBOZ,VIZG,panamax,10.24,14,False,41.05735795868331,685.1256561704948
2026-08-01,MBOZ,VIZG,panamax,9.16,12,False,42.95657170824802,597.2252481544682
2026-08-02,MBOZ,VIZG,panamax,9.24,19,False,42.49237298560376,460.3024253486705
2026-08-03,MBOZ,VIZG,panamax,9.29,14,False,44.960448068540934,553.8247891861207
2026-08-04,MBOZ,VIZG,panamax,10.07,15,False,39.66439336846528,573.8401285326722
2026-08-05,MBOZ,VIZG,panamax,9.58,16,False,37.753260444949696,660.8233244740196
2026-08-06,MBOZ,VIZG,panamax,8.36,16,False,35.26354692795329,538.2291589607162
2026-08-07,MBOZ,VIZG,panamax,8.93,16,False,45.057918934776175,507.85381984716355
2026-08-08,MBOZ,VIZG,panamax,9.28,13,False,42.22190273679705,678.0639728104558
2026-08-09,MBOZ,VIZG,panamax,9.36,15,False,23.970406432858482,573.6813220183258
2026-08-10,MBOZ,VIZG,panamax,8.91,15,False,33.744196160887526,597.5506476736691
2026-08-11,MBOZ,VIZG,panamax,8.51,14,False,67.84334540582597,448.35294278647814
2026-08-12,MBOZ,VIZG,panamax,9.16,15,False,40.623847708060936,470.7183215617164
2026-08-13,MBOZ,VIZG,panamax,9.78,16,False,30.69607041090989,549.3890900381006
2026-08-14,MBOZ,VIZG,panamax,9.56,15,False,23.39234281573199,558.2667705526875
2026-08-15,MBOZ,VIZG,panamax,9.86,15,False,30.750113558327065,586.0103893739373
2026-08-16,MBOZ,VIZG,panamax,10.75,15,False,25.449332010488348,635.1381075714971
2026-08-17,MBOZ,VIZG,panamax,10.04,27,False,44.40769607461919,575.3012677199996
2026-08-18,MBOZ,VIZG,panamax,9.33,19,False,41.47732114353026,439.9290845761742
2026-08-19,MBOZ,VIZG,panamax,8.97,9,False,37.01996929127603,509.9020504171288
2026-08-20,MBOZ,VIZG,panamax,10.77,14,False,48.81581410385151,572.7570492397053
2026-08-21,MBOZ,VIZG,panamax,9.59,12,False,36.113864510075466,572.0630153374796
2026-08-22,MBOZ,VIZG,panamax,10.13,15,False,35.771726173333406,576.1659781245057
2026-08-23,MBOZ,VIZG,panamax,9.36,13,False,34.568202279749705,546.5441911006317
2026-08-24,MBOZ,VIZG,panamax,9.78,12,False,80.3314573186822,581.0035894107082
2026-08-25,MBOZ,VIZG,panamax,11.15,12,False,34.30920270363846,554.5682072222411
2026-08-26,MBOZ,VIZG,panamax,9.65,13,False,27.984188677925918,569.0879281257774
2026-08-27,MBOZ,VIZG,panamax,9.94,12,False,37.44407675858598,582.2345670206992
2026-08-28,MBOZ,VIZG,panamax,10.11,13,False,57.60460253323165,570.0667697902492
2026-07-24,MBOZ,VIZG,supramax,11.67,11,False,38.5398818486255,650.1580325409932
2026-07-25,MBOZ,VIZG,supramax,10.39,13,False,52.31827166552524,643.6993625429313
2026-07-26,MBOZ,VIZG,supramax,11.07,11,False,43.427277676585476,666.3491743004884
2026-07-27,MBOZ,VIZG,supramax,12.37,19,False,43.573091311188406,625.3830005804758
2026-07-28,MBOZ,VIZG,supramax,11.02,13,False,44.85057649191887,600.2245213927703
2026-07-29,MBOZ,VIZG,supramax,11.6,15,False,40.55884761726786,615.7003025948536
2026-07-30,MBOZ,VIZG,supramax,11.88,15,False,43.47025200377828,801.9233444630702
2026-07-31,MBOZ,VIZG,supramax,11.2,14,False,41.05735795868331,685.1256561704948
2026-08-01,MBOZ,VIZG,supramax,10.01,12,False,42.95657170824802,597.2252481544682
2026-08-02,MBOZ,VIZG,supramax,10.07,19,False,42.49237298560376,460.3024253486705
2026-08-03,MBOZ,VIZG,supramax,10.14,14,False,44.960448068540934,553.8247891861207
2026-08-04,MBOZ,VIZG,supramax,11.0,15,False,39.66439336846528,573.8401285326722
2026-08-05,MBOZ,VIZG,supramax,10.47,16,False,37.753260444949696,660.8233244740196
2026-08-06,MBOZ,VIZG,supramax,9.13,16,False,35.26354692795329,538.2291589607162
2026-08-07,MBOZ,VIZG,supramax,9.75,16,False,45.057918934776175,507.85381984716355
2026-08-08,MBOZ,VIZG,supramax,10.15,13,False,42.22190273679705,678.0639728104558
2026-08-09,MBOZ,VIZG,supramax,10.22,15,False,23.970406432858482,573.6813220183258
2026-08-10,MBOZ,VIZG,supramax,9.74,15,False,33.744196160887526,597.5506476736691
2026-08-11,MBOZ,VIZG,supramax,9.29,14,False,67.84334540582597,448.35294278647814
2026-08-12,MBOZ,VIZG,supramax,10.0,15,False,40.623847708060936,470.7183215617164
2026-08-13,MBOZ,VIZG,supramax,10.67,16,False,30.69607041090989,549.3890900381006
2026-08-14,MBOZ,VIZG,supramax,10.44,15,False,23.39234281573199,558.2667705526875
2026-08-15,MBOZ,VIZG,supramax,10.76,15,False,30.750113558327065,586.0103893739373
2026-08-16,MBOZ,VIZG,supramax,11.74,15,False,25.449332010488348,635.1381075714971
2026-08-17,MBOZ,VIZG,supramax,10.96,27,False,44.40769607461919,575.3012677199996
2026-08-18,MBOZ,VIZG,supramax,10.17,19,False,41.47732114353026,439.9290845761742
2026-08-19,MBOZ,VIZG,supramax,9.79,9,False,37.01996929127603,509.9020504171288
2026-08-20,MBOZ,VIZG,supramax,11.75,14,False,48.81581410385151,572.7570492397053
2026-08-21,MBOZ,VIZG,supramax,10.48,12,False,36.113864510075466,572.0630153374796
2026-08-22,MBOZ,VIZG,supramax,11.06,15,False,35.771726173333406,576.1659781245057
2026-08-23,MBOZ,VIZG,supramax,10.22,13,False,34.568202279749705,546.5441911006317
2026-08-24,MBOZ,VIZG,supramax,10.68,12,False,80.3314573186822,581.0035894107082
2026-08-25,MBOZ,VIZG,supramax,12.17,12,False,34.30920270363846,554.5682072222411
2026-08-26,MBOZ,VIZG,supramax,10.53,13,False,27.984188677925918,569.0879281257774
2026-08-27,MBOZ,VIZG,supramax,10.86,12,False,37.44407675858598,582.2345670206992
2026-08-28,MBOZ,VIZG,supramax,11.04,13,False,57.60460253323165,570.0667697902492
2026-07-24,NCWL,DHMR,capesize,8.95,8,False,3.0668219382829944,650.1580325409932
2026-07-25,NCWL,DHMR,capesize,7.95,9,False,2.608403355204574,643.6993625429313
2026-07-26,NCWL,DHMR,capesize,8.48,5,False,3.2702850493699875,666.3491743004884
2026-07-27,NCWL,DHMR,capesize,9.5,10,False,4.608937130908816,625.3830005804758
2026-07-28,NCWL,DHMR,capesize,8.45,8,False,4.353912263479797,600.2245213927703
2026-07-29,NCWL,DHMR,capesize,8.89,7,False,3.5847180770067633,615.7003025948536
2026-07-30,NCWL,DHMR,capesize,9.09,7,False,3.274377022300728,801.9233444630702
2026-07-31,NCWL,DHMR,capesize,8.57,11,False,5.457465144778804,685.1256561704948
2026-08-01,NCWL,DHMR,capesize,7.66,7,False,4.700702490322272,597.2252481544682
2026-08-02,NCWL,DHMR,capesize,7.72,8,False,4.733187055227087,460.3024253486705
2026-08-03,NCWL,DHMR,capesize,7.77,7,False,5.38312873710184,553.8247891861207
2026-08-04,NCWL,DHMR,capesize,8.43,8,False,6.333428086041575,573.8401285326722
2026-08-05,NCWL,DHMR,capesize,8.01,6,False,10.010259242757325,660.8233244740196
2026-08-06,NCWL,DHMR,capesize,6.98,6,False,4.26007042074878,538.2291589607162
2026-08-07,NCWL,DHMR,capesize,7.47,8,False,4.2515425521934,507.85381984716355
2026-08-08,NCWL,DHMR,capesize,7.76,6,False,3.207022372544709,678.0639728104558
2026-08-09,NCWL,DHMR,capesize,7.82,7,False,6.499915845132144,573.6813220183258
2026-08-10,NCWL,DHMR,capesize,7.45,7,False,5.42759111424131,597.5506476736691
2026-08-11,NCWL,DHMR,capesize,7.11,9,False,4.441623603447734,448.35294278647814
2026-08-12,NCWL,DHMR,capesize,7.66,9,False,5.70626605526868,470.7183215617164
2026-08-13,NCWL,DHMR,capesize,8.18,7,False,4.928737323236708,549.3890900381006
2026-08-14,NCWL,DHMR,capesize,8.0,9,False,6.002886279365583,558.2667705526875
2026-08-15,NCWL,DHMR,capesize,8.25,9,False,4.591980555196012,586.0103893739373
2026-08-16,NCWL,DHMR,capesize,9.01,8,False,7.9139822862521605,635.1381075714971
2026-08-17,NCWL,DHMR,capesize,8.4,9,False,6.6937378655283135,575.3012677199996
2026-08-18,NCWL,DHMR,capesize,7.8,10,False,5.765477860726531,439.9290845761742
2026-08-19,NCWL,DHMR,capesize,7.5,6,False,7.733831392933077,509.9020504171288
2026-08-20,NCWL,DHMR,capesize,9.02,11,False,5.319788780341171,572.7570492397053
2026-08-21,NCWL,DHMR,capesize,8.02,6,False,4.620819405824137,572.0630153374796
2026-08-22,NCWL,DHMR,capesize,8.48,4,False,4.456390270084111,576.1659781245057
2026-08-23,NCWL,DHMR,capesize,7.83,11,False,4.732193901995379,546.5441911006317
2026-08-24,NCWL,DHMR,capesize,8.19,6,False,6.5875734696846315,581.0035894107082
2026-08-25,NCWL,DHMR,capesize,9.34,8,False,6.9428122323535115,554.5682072222411
2026-08-26,NCWL,DHMR,capesize,8.07,9,False,5.003282279851347,569.0879281257774
2026-08-27,NCWL,DHMR,capesize,8.32,7,False,6.056362936121814,582.2345670206992
2026-08-28,NCWL,DHMR,capesize,8.46,6,False,3.671218711506781,570.0667697902492
2026-07-24,NCWL,DHMR,handysize,17.82,8,False,3.0668219382829944,650.1580325409932
2026-07-25,NCWL,DHMR,handysize,15.9,9,False,2.608403355204574,643.6993625429313
2026-07-26,NCWL,DHMR,handysize,16.93,5,False,3.2702850493699875,666.3491743004884
2026-07-27,NCWL,DHMR,handysize,18.86,10,False,4.608937130908816,625.3830005804758
2026-07-28,NCWL,DHMR,handysize,16.81,8,False,4.353912263479797,600.2245213927703
2026-07-29,NCWL,DHMR,handysize,17.68,7,False,3.5847180770067633,615.7003025948536
2026-07-30,NCWL,DHMR,handysize,18.23,7,False,3.274377022300728,801.9233444630702
2026-07-31,NCWL,DHMR,handysize,17.13,11,False,5.457465144778804,685.1256561704948
2026-08-01,NCWL,DHMR,handysize,15.29,7,False,4.700702490322272,597.2252481544682
2026-08-02,NCWL,DHMR,handysize,15.29,8,False,4.733187055227087,460.3024253486705
2026-08-03,NCWL,DHMR,handysize,15.46,7,False,5.38312873710184,553.8247891861207
2026-08-04,NCWL,DHMR,handysize,16.75,8,False,6.333428086041575,573.8401285326722
2026-08-05,NCWL,DHMR,handysize,16.02,6,False,10.010259242757325,660.8233244740196
2026-08-06,NCWL,DHMR,handysize,13.92,6,False,4.26007042074878,538.2291589607162
2026-08-07,NCWL,DHMR,handysize,14.83,8,False,4.2515425521934,507.85381984716355
2026-08-08,NCWL,DHMR,handysize,15.55,6,False,3.207022372544709,678.0639728104558
2026-08-09,NCWL,DHMR,handysize,15.58,7,False,6.499915845132144,573.6813220183258
2026-08-10,NCWL,DHMR,handysize,14.87,7,False,5.42759111424131,597.5506476736691
2026-08-11,NCWL,DHMR,handysize,14.1,9,False,4.441623603447734,448.35294278647814
2026-08-12,NCWL,DHMR,handysize,15.18,9,False,5.70626605526868,470.7183215617164
2026-08-13,NCWL,DHMR,handysize,16.25,7,False,4.928737323236708,549.3890900381006
2026-08-14,NCWL,DHMR,handysize,15.9,9,False,6.002886279365583,558.2667705526875
2026-08-15,NCWL,DHMR,handysize,16.41,9,False,4.591980555196012,586.0103893739373
2026-08-16,NCWL,DHMR,handysize,17.92,8,False,7.9139822862521605,635.1381075714971
2026-08-17,NCWL,DHMR,handysize,16.71,9,False,6.6937378655283135,575.3012677199996
2026-08-18,NCWL,DHMR,handysize,15.43,10,False,5.765477860726531,439.9290845761742
2026-08-19,NCWL,DHMR,handysize,14.9,6,False,7.733831392933077,509.9020504171288
2026-08-20,NCWL,DHMR,handysize,17.9,11,False,5.319788780341171,572.7570492397053
2026-08-21,NCWL,DHMR,handysize,15.96,6,False,4.620819405824137,572.0630153374796
2026-08-22,NCWL,DHMR,handysize,16.86,4,False,4.456390270084111,576.1659781245057
2026-08-23,NCWL,DHMR,handysize,15.57,11,False,4.732193901995379,546.5441911006317
2026-08-24,NCWL,DHMR,handysize,16.29,6,False,6.5875734696846315,581.0035894107082
2026-08-25,NCWL,DHMR,handysize,18.5,8,False,6.9428122323535115,554.5682072222411
2026-08-26,NCWL,DHMR,handysize,16.05,9,False,5.003282279851347,569.0879281257774
2026-08-27,NCWL,DHMR,handysize,16.55,7,False,6.056362936121814,582.2345670206992
2026-08-28,NCWL,DHMR,handysize,16.81,6,False,3.671218711506781,570.0667697902492
2026-07-24,NCWL,DHMR,panamax,11.96,8,False,3.0668219382829944,650.1580325409932
2026-07-25,NCWL,DHMR,panamax,10.65,9,False,2.608403355204574,643.6993625429313
2026-07-26,NCWL,DHMR,panamax,11.35,5,False,3.2702850493699875,666.3491743004884
2026-07-27,NCWL,DHMR,panamax,12.67,10,False,4.608937130908816,625.3830005804758
2026-07-28,NCWL,DHMR,panamax,11.29,8,False,4.353912263479797,600.2245213927703
2026-07-29,NCWL,DHMR,panamax,11.88,7,False,3.5847180770067633,615.7003025948536
2026-07-30,NCWL,DHMR,panamax,12.19,7,False,3.274377022300728,801.9233444630702
2026-07-31,NCWL,DHMR,panamax,11.48,11,False,5.457465144778804,685.1256561704948
2026-08-01,NCWL,DHMR,panamax,10.26,7,False,4.700702490322272,597.2252481544682
2026-08-02,NCWL,DHMR,panamax,10.3,8,False,4.733187055227087,460.3024253486705
2026-08-03,NCWL,DHMR,panamax,10.39,7,False,5.38312873710184,553.8247891861207
2026-08-04,NCWL,DHMR,panamax,11.26,8,False,6.333428086041575,573.8401285326722
2026-08-05,NCWL,DHMR,panamax,10.73,6,False,10.010259242757325,660.8233244740196
2026-08-06,NCWL,DHMR,panamax,9.35,6,False,4.26007042074878,538.2291589607162
2026-08-07,NCWL,DHMR,panamax,9.98,8,False,4.2515425521934,507.85381984716355
2026-08-08,NCWL,DHMR,panamax,10.41,6,False,3.207022372544709,678.0639728104558
2026-08-09,NCWL,DHMR,panamax,10.46,7,False,6.499915845132144,573.6813220183258
2026-08-10,NCWL,DHMR,panamax,9.97,7,False,5.42759111424131,597.5506476736691
2026-08-11,NCWL,DHMR,panamax,9.5,9,False,4.441623603447734,448.35294278647814
2026-08-12,NCWL,DHMR,panamax,10.23,9,False,5.70626605526868,470.7183215617164
2026-08-13,NCWL,DHMR,panamax,10.93,7,False,4.928737323236708,549.3890900381006
2026-08-14,NCWL,DHMR,panamax,10.69,9,False,6.002886279365583,558.2667705526875
2026-08-15,NCWL,DHMR,panamax,11.02,9,False,4.591980555196012,586.0103893739373
2026-08-16,NCWL,DHMR,panamax,12.03,8,False,7.9139822862521605,635.1381075714971
2026-08-17,NCWL,DHMR,panamax,11.23,9,False,6.6937378655283135,575.3012677199996
2026-08-18,NCWL,DHMR,panamax,10.41,10,False,5.765477860726531,439.9290845761742
2026-08-19,NCWL,DHMR,panamax,10.02,6,False,7.733831392933077,509.9020504171288
2026-08-20,NCWL,DHMR,panamax,12.04,11,False,5.319788780341171,572.7570492397053
2026-08-21,NCWL,DHMR,panamax,10.73,6,False,4.620819405824137,572.0630153374796
2026-08-22,NCWL,DHMR,panamax,11.33,4,False,4.456390270084111,576.1659781245057
2026-08-23,NCWL,DHMR,panamax,10.46,11,False,4.732193901995379,546.5441911006317
2026-08-24,NCWL,DHMR,panamax,10.94,6,False,6.5875734696846315,581.0035894107082
2026-08-25,NCWL,DHMR,panamax,12.46,8,False,6.9428122323535115,554.5682072222411
2026-08-26,NCWL,DHMR,panamax,10.79,9,False,5.003282279851347,569.0879281257774
2026-08-27,NCWL,DHMR,panamax,11.12,7,False,6.056362936121814,582.2345670206992
2026-08-28,NCWL,DHMR,panamax,11.31,6,False,3.671218711506781,570.0667697902492
2026-07-24,NCWL,DHMR,supramax,13.08,8,False,3.0668219382829944,650.1580325409932
2026-07-25,NCWL,DHMR,supramax,11.66,9,False,2.608403355204574,643.6993625429313
2026-07-26,NCWL,DHMR,supramax,12.42,5,False,3.2702850493699875,666.3491743004884
2026-07-27,NCWL,DHMR,supramax,13.86,10,False,4.608937130908816,625.3830005804758
2026-07-28,NCWL,DHMR,supramax,12.35,8,False,4.353912263479797,600.2245213927703
2026-07-29,NCWL,DHMR,supramax,12.99,7,False,3.5847180770067633,615.7003025948536
2026-07-30,NCWL,DHMR,supramax,13.36,7,False,3.274377022300728,801.9233444630702
2026-07-31,NCWL,DHMR,supramax,12.57,11,False,5.457465144778804,685.1256561704948
2026-08-01,NCWL,DHMR,supramax,11.22,7,False,4.700702490322272,597.2252481544682
2026-08-02,NCWL,DHMR,supramax,11.25,8,False,4.733187055227087,460.3024253486705
2026-08-03,NCWL,DHMR,supramax,11.36,7,False,5.38312873710184,553.8247891861207
2026-08-04,NCWL,DHMR,supramax,12.31,8,False,6.333428086041575,573.8401285326722
2026-08-05,NCWL,DHMR,supramax,11.75,6,False,10.010259242757325,660.8233244740196
2026-08-06,NCWL,DHMR,supramax,10.23,6,False,4.26007042074878,538.2291589607162
2026-08-07,NCWL,DHMR,supramax,10.9,8,False,4.2515425521934,507.85381984716355
2026-08-08,NCWL,DHMR,supramax,11.4,6,False,3.207022372544709,678.0639728104558
2026-08-09,NCWL,DHMR,supramax,11.44,7,False,6.499915845132144,573.6813220183258
2026-08-10,NCWL,DHMR,supramax,10.91,7,False,5.42759111424131,597.5506476736691
2026-08-11,NCWL,DHMR,supramax,10.37,9,False,4.441623603447734,448.35294278647814
2026-08-12,NCWL,DHMR,supramax,11.17,9,False,5.70626605526868,470.7183215617164
2026-08-13,NCWL,DHMR,supramax,11.95,7,False,4.928737323236708,549.3890900381006
2026-08-14,NCWL,DHMR,supramax,11.68,9,False,6.002886279365583,558.2667705526875
2026-08-15,NCWL,DHMR,supramax,12.06,9,False,4.591980555196012,586.0103893739373
2026-08-16,NCWL,DHMR,supramax,13.16,8,False,7.9139822862521605,635.1381075714971
2026-08-17,NCWL,DHMR,supramax,12.27,9,False,6.6937378655283135,575.3012677199996
2026-08-18,NCWL,DHMR,supramax,11.36,10,False,5.765477860726531,439.9290845761742
2026-08-19,NCWL,DHMR,supramax,10.95,6,False,7.733831392933077,509.9020504171288
2026-08-20,NCWL,DHMR,supramax,13.16,11,False,5.319788780341171,572.7570492397053
2026-08-21,NCWL,DHMR,supramax,11.73,6,False,4.620819405824137,572.0630153374796
2026-08-22,NCWL,DHMR,supramax,12.39,4,False,4.456390270084111,576.1659781245057
2026-08-23,NCWL,DHMR,supramax,11.44,11,False,4.732193901995379,546.5441911006317
2026-08-24,NCWL,DHMR,supramax,11.97,6,False,6.5875734696846315,581.0035894107082
2026-08-25,NCWL,DHMR,supramax,13.61,8,False,6.9428122323535115,554.5682072222411
2026-08-26,NCWL,DHMR,supramax,11.8,9,False,5.003282279851347,569.0879281257774
2026-08-27,NCWL,DHMR,supramax,12.16,7,False,6.056362936121814,582.2345670206992
2026-08-28,NCWL,DHMR,supramax,12.36,6,False,3.671218711506781,570.0667697902492
2026-07-24,NCWL,GNGV,capesize,8.84,7,False,3.0668219382829944,650.1580325409932
2026-07-25,NCWL,GNGV,capesize,7.86,7,False,2.608403355204574,643.6993625429313
2026-07-26,NCWL,GNGV,capesize,8.38,8,False,3.2702850493699875,666.3491743004884
2026-07-27,NCWL,GNGV,capesize,9.38,7,False,4.608937130908816,625.3830005804758
2026-07-28,NCWL,GNGV,capesize,8.35,8,False,4.353912263479797,600.2245213927703
2026-07-29,NCWL,GNGV,capesize,8.79,9,False,3.5847180770067633,615.7003025948536
2026-07-30,NCWL,GNGV,capesize,8.98,9,False,3.274377022300728,801.9233444630702
2026-07-31,NCWL,GNGV,capesize,8.47,10,False,5.457465144778804,685.1256561704948
2026-08-01,NCWL,GNGV,capesize,7.57,9,False,4.700702490322272,597.2252481544682
2026-08-02,NCWL,GNGV,capesize,7.63,10,False,4.733187055227087,460.3024253486705
2026-08-03,NCWL,GNGV,capesize,7.68,11,False,5.38312873710184,553.8247891861207
2026-08-04,NCWL,GNGV,capesize,8.33,12,False,6.333428086041575,573.8401285326722
2026-08-05,NCWL,GNGV,capesize,7.92,11,False,10.010259242757325,660.8233244740196
2026-08-06,NCWL,GNGV,capesize,6.9,12,False,4.26007042074878,538.2291589607162
2026-08-07,NCWL,GNGV,capesize,7.38,12,False,4.2515425521934,507.85381984716355
2026-08-08,NCWL,GNGV,capesize,7.67,10,False,3.207022372544709,678.0639728104558
2026-08-09,NCWL,GNGV,capesize,7.73,9,False,6.499915845132144,573.6813220183258
2026-08-10,NCWL,GNGV,capesize,7.36,8,False,5.42759111424131,597.5506476736691
2026-08-11,NCWL,GNGV,capesize,7.03,9,False,4.441623603447734,448.35294278647814
2026-08-12,NCWL,GNGV,capesize,7.57,9,False,5.70626605526868,470.7183215617164
2026-08-13,NCWL,GNGV,capesize,8.09,13,False,4.928737323236708,549.3890900381006
2026-08-14,NCWL,GNGV,capesize,7.9,14,False,6.002886279365583,558.2667705526875
2026-08-15,NCWL,GNGV,capesize,8.15,10,False,4.591980555196012,586.0103893739373
2026-08-16,NCWL,GNGV,capesize,8.9,15,False,7.9139822862521605,635.1381075714971
2026-08-17,NCWL,GNGV,capesize,8.31,9,False,6.6937378655283135,575.3012677199996
2026-08-18,NCWL,GNGV,capesize,7.71,11,False,5.765477860726531,439.9290845761742
2026-08-19,NCWL,GNGV,capesize,7.41,11,False,7.733831392933077,509.9020504171288
2026-08-20,NCWL,GNGV,capesize,8.92,10,False,5.319788780341171,572.7570492397053
2026-08-21,NCWL,GNGV,capesize,7.93,9,False,4.620819405824137,572.0630153374796
2026-08-22,NCWL,GNGV,capesize,8.38,11,False,4.456390270084111,576.1659781245057
2026-08-23,NCWL,GNGV,capesize,7.74,17,False,4.732193901995379,546.5441911006317
2026-08-24,NCWL,GNGV,capesize,8.09,12,False,6.5875734696846315,581.0035894107082
2026-08-25,NCWL,GNGV,capesize,9.23,10,False,6.9428122323535115,554.5682072222411
2026-08-26,NCWL,GNGV,capesize,7.97,13,False,5.003282279851347,569.0879281257774
2026-08-27,NCWL,GNGV,capesize,8.23,12,False,6.056362936121814,582.2345670206992
2026-08-28,NCWL,GNGV,capesize,8.36,14,False,3.671218711506781,570.0667697902492
2026-07-24,NCWL,GNGV,handysize,17.6,7,False,3.0668219382829944,650.1580325409932
2026-07-25,NCWL,GNGV,handysize,15.7,7,False,2.608403355204574,643.6993625429313
2026-07-26,NCWL,GNGV,handysize,16.73,8,False,3.2702850493699875,666.3491743004884
2026-07-27,NCWL,GNGV,handysize,18.63,7,False,4.608937130908816,625.3830005804758
2026-07-28,NCWL,GNGV,handysize,16.61,8,False,4.353912263479797,600.2245213927703
2026-07-29,NCWL,GNGV,handysize,17.47,9,False,3.5847180770067633,615.7003025948536
2026-07-30,NCWL,GNGV,handysize,18.01,9,False,3.274377022300728,801.9233444630702
2026-07-31,NCWL,GNGV,handysize,16.92,10,False,5.457465144778804,685.1256561704948
2026-08-01,NCWL,GNGV,handysize,15.11,9,False,4.700702490322272,597.2252481544682
2026-08-02,NCWL,GNGV,handysize,15.11,10,False,4.733187055227087,460.3024253486705
2026-08-03,NCWL,GNGV,handysize,15.28,11,False,5.38312873710184,553.8247891861207
2026-08-04,NCWL,GNGV,handysize,16.55,12,False,6.333428086041575,573.8401285326722
2026-08-05,NCWL,GNGV,handysize,15.82,11,False,10.010259242757325,660.8233244740196
2026-08-06,NCWL,GNGV,handysize,13.76,12,False,4.26007042074878,538.2291589607162
2026-08-07,NCWL,GNGV,handysize,14.65,12,False,4.2515425521934,507.85381984716355
2026-08-08,NCWL,GNGV,handysize,15.36,10,False,3.207022372544709,678.0639728104558
2026-08-09,NCWL,GNGV,handysize,15.4,9,False,6.499915845132144,573.6813220183258
2026-08-10,NCWL,GNGV,handysize,14.69,8,False,5.42759111424131,597.5506476736691
2026-08-11,NCWL,GNGV,handysize,13.93,9,False,4.441623603447734,448.35294278647814
2026-08-12,NCWL,GNGV,handysize,15.0,9,False,5.70626605526868,470.7183215617164
2026-08-13,NCWL,GNGV,handysize,16.06,13,False,4.928737323236708,549.3890900381006
2026-08-14,NCWL,GNGV,handysize,15.71,14,False,6.002886279365583,558.2667705526875
2026-08-15,NCWL,GNGV,handysize,16.22,10,False,4.591980555196012,586.0103893739373
2026-08-16,NCWL,GNGV,handysize,17.71,15,False,7.9139822862521605,635.1381075714971
2026-08-17,NCWL,GNGV,handysize,16.5,9,False,6.6937378655283135,575.3012677199996
2026-08-18,NCWL,GNGV,handysize,15.25,11,False,5.765477860726531,439.9290845761742
2026-08-19,NCWL,GNGV,handysize,14.72,11,False,7.733831392933077,509.9020504171288
2026-08-20,NCWL,GNGV,handysize,17.68,10,False,5.319788780341171,572.7570492397053
2026-08-21,NCWL,GNGV,handysize,15.77,9,False,4.620819405824137,572.0630153374796
2026-08-22,NCWL,GNGV,handysize,16.66,11,False,4.456390270084111,576.1659781245057
2026-08-23,NCWL,GNGV,handysize,15.38,17,False,4.732193901995379,546.5441911006317
2026-08-24,NCWL,GNGV,handysize,16.09,12,False,6.5875734696846315,581.0035894107082
2026-08-25,NCWL,GNGV,handysize,18.28,10,False,6.9428122323535115,554.5682072222411
2026-08-26,NCWL,GNGV,handysize,15.86,13,False,5.003282279851347,569.0879281257774
2026-08-27,NCWL,GNGV,handysize,16.36,12,False,6.056362936121814,582.2345670206992
2026-08-28,NCWL,GNGV,handysize,16.61,14,False,3.671218711506781,570.0667697902492
2026-07-24,NCWL,GNGV,panamax,11.82,7,False,3.0668219382829944,650.1580325409932
2026-07-25,NCWL,GNGV,panamax,10.52,7,False,2.608403355204574,643.6993625429313
2026-07-26,NCWL,GNGV,panamax,11.22,8,False,3.2702850493699875,666.3491743004884
2026-07-27,NCWL,GNGV,panamax,12.53,7,False,4.608937130908816,625.3830005804758
2026-07-28,NCWL,GNGV,panamax,11.16,8,False,4.353912263479797,600.2245213927703
2026-07-29,NCWL,GNGV,panamax,11.74,9,False,3.5847180770067633,615.7003025948536
2026-07-30,NCWL,GNGV,panamax,12.04,9,False,3.274377022300728,801.9233444630702
2026-07-31,NCWL,GNGV,panamax,11.34,10,False,5.457465144778804,685.1256561704948
2026-08-01,NCWL,GNGV,panamax,10.14,9,False,4.700702490322272,597.2252481544682
2026-08-02,NCWL,GNGV,panamax,10.19,10,False,4.733187055227087,460.3024253486705
2026-08-03,NCWL,GNGV,panamax,10.26,11,False,5.38312873710184,553.8247891861207
2026-08-04,NCWL,GNGV,panamax,11.13,12,False,6.333428086041575,573.8401285326722
2026-08-05,NCWL,GNGV,panamax,10.6,11,False,10.010259242757325,660.8233244740196
2026-08-06,NCWL,GNGV,panamax,9.24,12,False,4.26007042074878,538.2291589607162
2026-08-07,NCWL,GNGV,panamax,9.86,12,False,4.2515425521934,507.85381984716355
2026-08-08,NCWL,GNGV,panamax,10.28,10,False,3.207022372544709,678.0639728104558
2026-08-09,NCWL,GNGV,panamax,10.34,9,False,6.499915845132144,573.6813220183258
2026-08-10,NCWL,GNGV,panamax,9.85,8,False,5.42759111424131,597.5506476736691
2026-08-11,NCWL,GNGV,panamax,9.39,9,False,4.441623603447734,448.35294278647814
2026-08-12,NCWL,GNGV,panamax,10.11,9,False,5.70626605526868,470.7183215617164
2026-08-13,NCWL,GNGV,panamax,10.8,13,False,4.928737323236708,549.3890900381006
2026-08-14,NCWL,GNGV,panamax,10.56,14,False,6.002886279365583,558.2667705526875
2026-08-15,NCWL,GNGV,panamax,10.89,10,False,4.591980555196012,586.0103893739373
2026-08-16,NCWL,GNGV,panamax,11.89,15,False,7.9139822862521605,635.1381075714971
2026-08-17,NCWL,GNGV,panamax,11.09,9,False,6.6937378655283135,575.3012677199996
2026-08-18,NCWL,GNGV,panamax,10.29,11,False,5.765477860726531,439.9290845761742
2026-08-19,NCWL,GNGV,panamax,9.91,11,False,7.733831392933077,509.9020504171288
2026-08-20,NCWL,GNGV,panamax,11.9,10,False,5.319788780341171,572.7570492397053
2026-08-21,NCWL,GNGV,panamax,10.6,9,False,4.620819405824137,572.0630153374796
2026-08-22,NCWL,GNGV,panamax,11.2,11,False,4.456390270084111,576.1659781245057
2026-08-23,NCWL,GNGV,panamax,10.34,17,False,4.732193901995379,546.5441911006317
2026-08-24,NCWL,GNGV,panamax,10.81,12,False,6.5875734696846315,581.0035894107082
2026-08-25,NCWL,GNGV,panamax,12.31,10,False,6.9428122323535115,554.5682072222411
2026-08-26,NCWL,GNGV,panamax,10.66,13,False,5.003282279851347,569.0879281257774
2026-08-27,NCWL,GNGV,panamax,10.99,12,False,6.056362936121814,582.2345670206992
2026-08-28,NCWL,GNGV,panamax,11.17,14,False,3.671218711506781,570.0667697902492
2026-07-24,NCWL,GNGV,supramax,12.92,7,False,3.0668219382829944,650.1580325409932
2026-07-25,NCWL,GNGV,supramax,11.52,7,False,2.608403355204574,643.6993625429313
2026-07-26,NCWL,GNGV,supramax,12.27,8,False,3.2702850493699875,666.3491743004884
2026-07-27,NCWL,GNGV,supramax,13.69,7,False,4.608937130908816,625.3830005804758
2026-07-28,NCWL,GNGV,supramax,12.2,8,False,4.353912263479797,600.2245213927703
2026-07-29,NCWL,GNGV,supramax,12.84,9,False,3.5847180770067633,615.7003025948536
2026-07-30,NCWL,GNGV,supramax,13.2,9,False,3.274377022300728,801.9233444630702
2026-07-31,NCWL,GNGV,supramax,12.42,10,False,5.457465144778804,685.1256561704948
2026-08-01,NCWL,GNGV,supramax,11.09,9,False,4.700702490322272,597.2252481544682
2026-08-02,NCWL,GNGV,supramax,11.12,10,False,4.733187055227087,460.3024253486705
2026-08-03,NCWL,GNGV,supramax,11.22,11,False,5.38312873710184,553.8247891861207
2026-08-04,NCWL,GNGV,supramax,12.17,12,False,6.333428086041575,573.8401285326722
2026-08-05,NCWL,GNGV,supramax,11.6,11,False,10.010259242757325,660.8233244740196
2026-08-06,NCWL,GNGV,supramax,10.1,12,False,4.26007042074878,538.2291589607162
2026-08-07,NCWL,GNGV,supramax,10.77,12,False,4.2515425521934,507.85381984716355
2026-08-08,NCWL,GNGV,supramax,11.26,10,False,3.207022372544709,678.0639728104558
2026-08-09,NCWL,GNGV,supramax,11.31,9,False,6.499915845132144,573.6813220183258
2026-08-10,NCWL,GNGV,supramax,10.78,8,False,5.42759111424131,597.5506476736691
2026-08-11,NCWL,GNGV,supramax,10.25,9,False,4.441623603447734,448.35294278647814
2026-08-12,NCWL,GNGV,supramax,11.04,9,False,5.70626605526868,470.7183215617164
2026-08-13,NCWL,GNGV,supramax,11.81,13,False,4.928737323236708,549.3890900381006
2026-08-14,NCWL,GNGV,supramax,11.55,14,False,6.002886279365583,558.2667705526875
2026-08-15,NCWL,GNGV,supramax,11.91,10,False,4.591980555196012,586.0103893739373
2026-08-16,NCWL,GNGV,supramax,13.0,15,False,7.9139822862521605,635.1381075714971
2026-08-17,NCWL,GNGV,supramax,12.13,9,False,6.6937378655283135,575.3012677199996
2026-08-18,NCWL,GNGV,supramax,11.23,11,False,5.765477860726531,439.9290845761742
2026-08-19,NCWL,GNGV,supramax,10.82,11,False,7.733831392933077,509.9020504171288
2026-08-20,NCWL,GNGV,supramax,13.0,10,False,5.319788780341171,572.7570492397053
2026-08-21,NCWL,GNGV,supramax,11.59,9,False,4.620819405824137,572.0630153374796
2026-08-22,NCWL,GNGV,supramax,12.24,11,False,4.456390270084111,576.1659781245057
2026-08-23,NCWL,GNGV,supramax,11.3,17,False,4.732193901995379,546.5441911006317
2026-08-24,NCWL,GNGV,supramax,11.82,12,False,6.5875734696846315,581.0035894107082
2026-08-25,NCWL,GNGV,supramax,13.45,10,False,6.9428122323535115,554.5682072222411
2026-08-26,NCWL,GNGV,supramax,11.66,13,False,5.003282279851347,569.0879281257774
2026-08-27,NCWL,GNGV,supramax,12.02,12,False,6.056362936121814,582.2345670206992
2026-08-28,NCWL,GNGV,supramax,12.21,14,False,3.671218711506781,570.0667697902492
2026-07-24,NCWL,GPPR,capesize,8.89,3,False,3.0668219382829944,650.1580325409932
2026-07-25,NCWL,GPPR,capesize,7.91,3,False,2.608403355204574,643.6993625429313
2026-07-26,NCWL,GPPR,capesize,8.43,3,False,3.2702850493699875,666.3491743004884
2026-07-27,NCWL,GPPR,capesize,9.44,3,False,4.608937130908816,625.3830005804758
2026-07-28,NCWL,GPPR,capesize,8.4,3,False,4.353912263479797,600.2245213927703
2026-07-29,NCWL,GPPR,capesize,8.84,3,False,3.5847180770067633,615.7003025948536
2026-07-30,NCWL,GPPR,capesize,9.04,3,False,3.274377022300728,801.9233444630702
2026-07-31,NCWL,GPPR,capesize,8.52,4,False,5.457465144778804,685.1256561704948
2026-08-01,NCWL,GPPR,capesize,7.62,2,False,4.700702490322272,597.2252481544682
2026-08-02,NCWL,GPPR,capesize,7.68,3,False,4.733187055227087,460.3024253486705
2026-08-03,NCWL,GPPR,capesize,7.72,3,False,5.38312873710184,553.8247891861207
2026-08-04,NCWL,GPPR,capesize,8.38,2,False,6.333428086041575,573.8401285326722
2026-08-05,NCWL,GPPR,capesize,7.96,2,False,10.010259242757325,660.8233244740196
2026-08-06,NCWL,GPPR,capesize,6.94,4,False,4.26007042074878,538.2291589607162
2026-08-07,NCWL,GPPR,capesize,7.42,3,False,4.2515425521934,507.85381984716355
2026-08-08,NCWL,GPPR,capesize,7.71,3,False,3.207022372544709,678.0639728104558
2026-08-09,NCWL,GPPR,capesize,7.78,2,False,6.499915845132144,573.6813220183258
2026-08-10,NCWL,GPPR,capesize,7.4,3,False,5.42759111424131,597.5506476736691
2026-08-11,NCWL,GPPR,capesize,7.07,3,False,4.441623603447734,448.35294278647814
2026-08-12,NCWL,GPPR,capesize,7.62,3,False,5.70626605526868,470.7183215617164
2026-08-13,NCWL,GPPR,capesize,8.14,3,False,4.928737323236708,549.3890900381006
2026-08-14,NCWL,GPPR,capesize,7.95,3,False,6.002886279365583,558.2667705526875
2026-08-15,NCWL,GPPR,capesize,8.2,4,False,4.591980555196012,586.0103893739373
2026-08-16,NCWL,GPPR,capesize,8.95,3,False,7.9139822862521605,635.1381075714971
2026-08-17,NCWL,GPPR,capesize,8.35,3,False,6.6937378655283135,575.3012677199996
2026-08-18,NCWL,GPPR,capesize,7.76,3,False,5.765477860726531,439.9290845761742
2026-08-19,NCWL,GPPR,capesize,7.46,4,False,7.733831392933077,509.9020504171288
2026-08-20,NCWL,GPPR,capesize,8.97,3,False,5.319788780341171,572.7570492397053
2026-08-21,NCWL,GPPR,capesize,7.98,3,False,4.620819405824137,572.0630153374796
2026-08-22,NCWL,GPPR,capesize,8.43,4,False,4.456390270084111,576.1659781245057
2026-08-23,NCWL,GPPR,capesize,7.78,4,False,4.732193901995379,546.5441911006317
2026-08-24,NCWL,GPPR,capesize,8.14,3,False,6.5875734696846315,581.0035894107082
2026-08-25,NCWL,GPPR,capesize,9.29,3,False,6.9428122323535115,554.5682072222411
2026-08-26,NCWL,GPPR,capesize,8.02,4,False,5.003282279851347,569.0879281257774
2026-08-27,NCWL,GPPR,capesize,8.28,3,False,6.056362936121814,582.2345670206992
2026-08-28,NCWL,GPPR,capesize,8.41,4,False,3.671218711506781,570.0667697902492
2026-07-24,NCWL,GPPR,handysize,17.71,3,False,3.0668219382829944,650.1580325409932
2026-07-25,NCWL,GPPR,handysize,15.8,3,False,2.608403355204574,643.6993625429313
2026-07-26,NCWL,GPPR,handysize,16.83,3,False,3.2702850493699875,666.3491743004884
2026-07-27,NCWL,GPPR,handysize,18.74,3,False,4.608937130908816,625.3830005804758
2026-07-28,NCWL,GPPR,handysize,16.71,3,False,4.353912263479797,600.2245213927703
2026-07-29,NCWL,GPPR,handysize,17.57,3,False,3.5847180770067633,615.7003025948536
2026-07-30,NCWL,GPPR,handysize,18.12,3,False,3.274377022300728,801.9233444630702
2026-07-31,NCWL,GPPR,handysize,17.02,4,False,5.457465144778804,685.1256561704948
2026-08-01,NCWL,GPPR,handysize,15.2,2,False,4.700702490322272,597.2252481544682
2026-08-02,NCWL,GPPR,handysize,15.2,3,False,4.733187055227087,460.3024253486705
2026-08-03,NCWL,GPPR,handysize,15.37,3,False,5.38312873710184,553.8247891861207
2026-08-04,NCWL,GPPR,handysize,16.65,2,False,6.333428086041575,573.8401285326722
2026-08-05,NCWL,GPPR,handysize,15.92,2,False,10.010259242757325,660.8233244740196
2026-08-06,NCWL,GPPR,handysize,13.84,4,False,4.26007042074878,538.2291589607162
2026-08-07,NCWL,GPPR,handysize,14.74,3,False,4.2515425521934,507.85381984716355
2026-08-08,NCWL,GPPR,handysize,15.46,3,False,3.207022372544709,678.0639728104558
2026-08-09,NCWL,GPPR,handysize,15.49,2,False,6.499915845132144,573.6813220183258
2026-08-10,NCWL,GPPR,handysize,14.78,3,False,5.42759111424131,597.5506476736691
2026-08-11,NCWL,GPPR,handysize,14.01,3,False,4.441623603447734,448.35294278647814
2026-08-12,NCWL,GPPR,handysize,15.09,3,False,5.70626605526868,470.7183215617164
2026-08-13,NCWL,GPPR,handysize,16.16,3,False,4.928737323236708,549.3890900381006
2026-08-14,NCWL,GPPR,handysize,15.81,3,False,6.002886279365583,558.2667705526875
2026-08-15,NCWL,GPPR,handysize,16.32,4,False,4.591980555196012,586.0103893739373
2026-08-16,NCWL,GPPR,handysize,17.81,3,False,7.9139822862521605,635.1381075714971
2026-08-17,NCWL,GPPR,handysize,16.6,3,False,6.6937378655283135,575.3012677199996
2026-08-18,NCWL,GPPR,handysize,15.34,3,False,5.765477860726531,439.9290845761742
2026-08-19,NCWL,GPPR,handysize,14.81,4,False,7.733831392933077,509.9020504171288
2026-08-20,NCWL,GPPR,handysize,17.79,3,False,5.319788780341171,572.7570492397053
2026-08-21,NCWL,GPPR,handysize,15.87,3,False,4.620819405824137,572.0630153374796
2026-08-22,NCWL,GPPR,handysize,16.76,4,False,4.456390270084111,576.1659781245057
2026-08-23,NCWL,GPPR,handysize,15.47,4,False,4.732193901995379,546.5441911006317
2026-08-24,NCWL,GPPR,handysize,16.19,3,False,6.5875734696846315,581.0035894107082
2026-08-25,NCWL,GPPR,handysize,18.39,3,False,6.9428122323535115,554.5682072222411
2026-08-26,NCWL,GPPR,handysize,15.96,4,False,5.003282279851347,569.0879281257774
2026-08-27,NCWL,GPPR,handysize,16.45,3,False,6.056362936121814,582.2345670206992
2026-08-28,NCWL,GPPR,handysize,16.71,4,False,3.671218711506781,570.0667697902492
2026-07-24,NCWL,GPPR,panamax,11.89,3,False,3.0668219382829944,650.1580325409932
2026-07-25,NCWL,GPPR,panamax,10.59,3,False,2.608403355204574,643.6993625429313
2026-07-26,NCWL,GPPR,panamax,11.29,3,False,3.2702850493699875,666.3491743004884
2026-07-27,NCWL,GPPR,panamax,12.6,3,False,4.608937130908816,625.3830005804758
2026-07-28,NCWL,GPPR,panamax,11.23,3,False,4.353912263479797,600.2245213927703
2026-07-29,NCWL,GPPR,panamax,11.81,3,False,3.5847180770067633,615.7003025948536
2026-07-30,NCWL,GPPR,panamax,12.12,3,False,3.274377022300728,801.9233444630702
2026-07-31,NCWL,GPPR,panamax,11.41,4,False,5.457465144778804,685.1256561704948
2026-08-01,NCWL,GPPR,panamax,10.2,2,False,4.700702490322272,597.2252481544682
2026-08-02,NCWL,GPPR,panamax,10.25,3,False,4.733187055227087,460.3024253486705
2026-08-03,NCWL,GPPR,panamax,10.32,3,False,5.38312873710184,553.8247891861207
2026-08-04,NCWL,GPPR,panamax,11.19,2,False,6.333428086041575,573.8401285326722
2026-08-05,NCWL,GPPR,panamax,10.67,2,False,10.010259242757325,660.8233244740196
2026-08-06,NCWL,GPPR,panamax,9.29,4,False,4.26007042074878,538.2291589607162
2026-08-07,NCWL,GPPR,panamax,9.92,3,False,4.2515425521934,507.85381984716355
2026-08-08,NCWL,GPPR,panamax,10.35,3,False,3.207022372544709,678.0639728104558
2026-08-09,NCWL,GPPR,panamax,10.4,2,False,6.499915845132144,573.6813220183258
2026-08-10,NCWL,GPPR,panamax,9.91,3,False,5.42759111424131,597.5506476736691
2026-08-11,NCWL,GPPR,panamax,9.44,3,False,4.441623603447734,448.35294278647814
2026-08-12,NCWL,GPPR,panamax,10.17,3,False,5.70626605526868,470.7183215617164
2026-08-13,NCWL,GPPR,panamax,10.87,3,False,4.928737323236708,549.3890900381006
2026-08-14,NCWL,GPPR,panamax,10.63,3,False,6.002886279365583,558.2667705526875
2026-08-15,NCWL,GPPR,panamax,10.96,4,False,4.591980555196012,586.0103893739373
2026-08-16,NCWL,GPPR,panamax,11.96,3,False,7.9139822862521605,635.1381075714971
2026-08-17,NCWL,GPPR,panamax,11.16,3,False,6.6937378655283135,575.3012677199996
2026-08-18,NCWL,GPPR,panamax,10.35,3,False,5.765477860726531,439.9290845761742
2026-08-19,NCWL,GPPR,panamax,9.96,4,False,7.733831392933077,509.9020504171288
2026-08-20,NCWL,GPPR,panamax,11.97,3,False,5.319788780341171,572.7570492397053
2026-08-21,NCWL,GPPR,panamax,10.67,3,False,4.620819405824137,572.0630153374796
2026-08-22,NCWL,GPPR,panamax,11.26,4,False,4.456390270084111,576.1659781245057
2026-08-23,NCWL,GPPR,panamax,10.4,4,False,4.732193901995379,546.5441911006317
2026-08-24,NCWL,GPPR,panamax,10.88,3,False,6.5875734696846315,581.0035894107082
2026-08-25,NCWL,GPPR,panamax,12.38,3,False,6.9428122323535115,554.5682072222411
2026-08-26,NCWL,GPPR,panamax,10.72,4,False,5.003282279851347,569.0879281257774
2026-08-27,NCWL,GPPR,panamax,11.06,3,False,6.056362936121814,582.2345670206992
2026-08-28,NCWL,GPPR,panamax,11.24,4,False,3.671218711506781,570.0667697902492
2026-07-24,NCWL,GPPR,supramax,13.0,3,False,3.0668219382829944,650.1580325409932
2026-07-25,NCWL,GPPR,supramax,11.59,3,False,2.608403355204574,643.6993625429313
2026-07-26,NCWL,GPPR,supramax,12.35,3,False,3.2702850493699875,666.3491743004884
2026-07-27,NCWL,GPPR,supramax,13.78,3,False,4.608937130908816,625.3830005804758
2026-07-28,NCWL,GPPR,supramax,12.28,3,False,4.353912263479797,600.2245213927703
2026-07-29,NCWL,GPPR,supramax,12.91,3,False,3.5847180770067633,615.7003025948536
2026-07-30,NCWL,GPPR,supramax,13.28,3,False,3.274377022300728,801.9233444630702
2026-07-31,NCWL,GPPR,supramax,12.49,4,False,5.457465144778804,685.1256561704948
2026-08-01,NCWL,GPPR,supramax,11.16,2,False,4.700702490322272,597.2252481544682
2026-08-02,NCWL,GPPR,supramax,11.19,3,False,4.733187055227087,460.3024253486705
2026-08-03,NCWL,GPPR,supramax,11.29,3,False,5.38312873710184,553.8247891861207
2026-08-04,NCWL,GPPR,supramax,12.24,2,False,6.333428086041575,573.8401285326722
2026-08-05,NCWL,GPPR,supramax,11.68,2,False,10.010259242757325,660.8233244740196
2026-08-06,NCWL,GPPR,supramax,10.16,4,False,4.26007042074878,538.2291589607162
2026-08-07,NCWL,GPPR,supramax,10.84,3,False,4.2515425521934,507.85381984716355
2026-08-08,NCWL,GPPR,supramax,11.33,3,False,3.207022372544709,678.0639728104558
2026-08-09,NCWL,GPPR,supramax,11.37,2,False,6.499915845132144,573.6813220183258
2026-08-10,NCWL,GPPR,supramax,10.85,3,False,5.42759111424131,597.5506476736691
2026-08-11,NCWL,GPPR,supramax,10.31,3,False,4.441623603447734,448.35294278647814
2026-08-12,NCWL,GPPR,supramax,11.11,3,False,5.70626605526868,470.7183215617164
2026-08-13,NCWL,GPPR,supramax,11.88,3,False,4.928737323236708,549.3890900381006
2026-08-14,NCWL,GPPR,supramax,11.61,3,False,6.002886279365583,558.2667705526875
2026-08-15,NCWL,GPPR,supramax,11.99,4,False,4.591980555196012,586.0103893739373
2026-08-16,NCWL,GPPR,supramax,13.08,3,False,7.9139822862521605,635.1381075714971
2026-08-17,NCWL,GPPR,supramax,12.2,3,False,6.6937378655283135,575.3012677199996
2026-08-18,NCWL,GPPR,supramax,11.29,3,False,5.765477860726531,439.9290845761742
2026-08-19,NCWL,GPPR,supramax,10.89,4,False,7.733831392933077,509.9020504171288
2026-08-20,NCWL,GPPR,supramax,13.08,3,False,5.319788780341171,572.7570492397053
2026-08-21,NCWL,GPPR,supramax,11.66,3,False,4.620819405824137,572.0630153374796
2026-08-22,NCWL,GPPR,supramax,12.31,4,False,4.456390270084111,576.1659781245057
2026-08-23,NCWL,GPPR,supramax,11.37,4,False,4.732193901995379,546.5441911006317
2026-08-24,NCWL,GPPR,supramax,11.89,3,False,6.5875734696846315,581.0035894107082
2026-08-25,NCWL,GPPR,supramax,13.53,3,False,6.9428122323535115,554.5682072222411
2026-08-26,NCWL,GPPR,supramax,11.73,4,False,5.003282279851347,569.0879281257774
2026-08-27,NCWL,GPPR,supramax,12.09,3,False,6.056362936121814,582.2345670206992
2026-08-28,NCWL,GPPR,supramax,12.29,4,False,3.671218711506781,570.0667697902492
2026-07-24,NCWL,HALD,capesize,9.05,33,False,3.0668219382829944,650.1580325409932
2026-07-25,NCWL,HALD,capesize,8.05,30,False,2.608403355204574,643.6993625429313
2026-07-26,NCWL,HALD,capesize,8.58,32,False,3.2702850493699875,666.3491743004884
2026-07-27,NCWL,HALD,capesize,9.61,32,False,4.608937130908816,625.3830005804758
2026-07-28,NCWL,HALD,capesize,8.55,32,False,4.353912263479797,600.2245213927703
2026-07-29,NCWL,HALD,capesize,9.0,32,False,3.5847180770067633,615.7003025948536
2026-07-30,NCWL,HALD,capesize,9.2,33,False,3.274377022300728,801.9233444630702
2026-07-31,NCWL,HALD,capesize,8.68,32,False,5.457465144778804,685.1256561704948
2026-08-01,NCWL,HALD,capesize,7.75,33,False,4.700702490322272,597.2252481544682
2026-08-02,NCWL,HALD,capesize,7.81,33,False,4.733187055227087,460.3024253486705
2026-08-03,NCWL,HALD,capesize,7.86,32,False,5.38312873710184,553.8247891861207
2026-08-04,NCWL,HALD,capesize,8.53,35,False,6.333428086041575,573.8401285326722
2026-08-05,NCWL,HALD,capesize,8.11,38,False,10.010259242757325,660.8233244740196
2026-08-06,NCWL,HALD,capesize,7.06,34,False,4.26007042074878,538.2291589607162
2026-08-07,NCWL,HALD,capesize,7.55,32,False,4.2515425521934,507.85381984716355
2026-08-08,NCWL,HALD,capesize,7.86,34,False,3.207022372544709,678.0639728104558
2026-08-09,NCWL,HALD,capesize,7.92,33,False,6.499915845132144,573.6813220183258
2026-08-10,NCWL,HALD,capesize,7.53,32,False,5.42759111424131,597.5506476736691
2026-08-11,NCWL,HALD,capesize,7.2,30,False,4.441623603447734,448.35294278647814
2026-08-12,NCWL,HALD,capesize,7.75,22,False,5.70626605526868,470.7183215617164
2026-08-13,NCWL,HALD,capesize,8.28,39,False,4.928737323236708,549.3890900381006
2026-08-14,NCWL,HALD,capesize,8.09,24,False,6.002886279365583,558.2667705526875
2026-08-15,NCWL,HALD,capesize,8.35,24,False,4.591980555196012,586.0103893739373
2026-08-16,NCWL,HALD,capesize,9.11,41,False,7.9139822862521605,635.1381075714971
2026-08-17,NCWL,HALD,capesize,8.5,36,False,6.6937378655283135,575.3012677199996
2026-08-18,NCWL,HALD,capesize,7.89,39,False,5.765477860726531,439.9290845761742
2026-08-19,NCWL,HALD,capesize,7.59,38,False,7.733831392933077,509.9020504171288
2026-08-20,NCWL,HALD,capesize,9.13,45,False,5.319788780341171,572.7570492397053
2026-08-21,NCWL,HALD,capesize,8.12,38,False,4.620819405824137,572.0630153374796
2026-08-22,NCWL,HALD,capesize,8.58,39,False,4.456390270084111,576.1659781245057
2026-08-23,NCWL,HALD,capesize,7.92,41,False,4.732193901995379,546.5441911006317
2026-08-24,NCWL,HALD,capesize,8.28,36,False,6.5875734696846315,581.0035894107082
2026-08-25,NCWL,HALD,capesize,9.45,38,False,6.9428122323535115,554.5682072222411
2026-08-26,NCWL,HALD,capesize,8.17,39,False,5.003282279851347,569.0879281257774
2026-08-27,NCWL,HALD,capesize,8.42,35,False,6.056362936121814,582.2345670206992
2026-08-28,NCWL,HALD,capesize,8.56,38,False,3.671218711506781,570.0667697902492
2026-07-24,NCWL,HALD,handysize,18.03,33,False,3.0668219382829944,650.1580325409932
2026-07-25,NCWL,HALD,handysize,16.09,30,False,2.608403355204574,643.6993625429313
2026-07-26,NCWL,HALD,handysize,17.14,32,False,3.2702850493699875,666.3491743004884
2026-07-27,NCWL,HALD,handysize,19.08,32,False,4.608937130908816,625.3830005804758
2026-07-28,NCWL,HALD,handysize,17.01,32,False,4.353912263479797,600.2245213927703
2026-07-29,NCWL,HALD,handysize,17.89,32,False,3.5847180770067633,615.7003025948536
2026-07-30,NCWL,HALD,handysize,18.46,33,False,3.274377022300728,801.9233444630702
2026-07-31,NCWL,HALD,handysize,17.34,32,False,5.457465144778804,685.1256561704948
2026-08-01,NCWL,HALD,handysize,15.48,33,False,4.700702490322272,597.2252481544682
2026-08-02,NCWL,HALD,handysize,15.47,33,False,4.733187055227087,460.3024253486705
2026-08-03,NCWL,HALD,handysize,15.65,32,False,5.38312873710184,553.8247891861207
2026-08-04,NCWL,HALD,handysize,16.95,35,False,6.333428086041575,573.8401285326722
2026-08-05,NCWL,HALD,handysize,16.21,38,False,10.010259242757325,660.8233244740196
2026-08-06,NCWL,HALD,handysize,14.09,34,False,4.26007042074878,538.2291589607162
2026-08-07,NCWL,HALD,handysize,15.01,32,False,4.2515425521934,507.85381984716355
2026-08-08,NCWL,HALD,handysize,15.74,34,False,3.207022372544709,678.0639728104558
2026-08-09,NCWL,HALD,handysize,15.77,33,False,6.499915845132144,573.6813220183258
2026-08-10,NCWL,HALD,handysize,15.05,32,False,5.42759111424131,597.5506476736691
2026-08-11,NCWL,HALD,handysize,14.26,30,False,4.441623603447734,448.35294278647814
2026-08-12,NCWL,HALD,handysize,15.36,22,False,5.70626605526868,470.7183215617164
2026-08-13,NCWL,HALD,handysize,16.45,39,False,4.928737323236708,549.3890900381006
2026-08-14,NCWL,HALD,handysize,16.09,24,False,6.002886279365583,558.2667705526875
2026-08-15,NCWL,HALD,handysize,16.61,24,False,4.591980555196012,586.0103893739373
2026-08-16,NCWL,HALD,handysize,18.14,41,False,7.9139822862521605,635.1381075714971
2026-08-17,NCWL,HALD,handysize,16.91,36,False,6.6937378655283135,575.3012677199996
2026-08-18,NCWL,HALD,handysize,15.61,39,False,5.765477860726531,439.9290845761742
2026-08-19,NCWL,HALD,handysize,15.08,38,False,7.733831392933077,509.9020504171288
2026-08-20,NCWL,HALD,handysize,18.11,45,False,5.319788780341171,572.7570492397053
2026-08-21,NCWL,HALD,handysize,16.16,38,False,4.620819405824137,572.0630153374796
2026-08-22,NCWL,HALD,handysize,17.06,39,False,4.456390270084111,576.1659781245057
2026-08-23,NCWL,HALD,handysize,15.75,41,False,4.732193901995379,546.5441911006317
2026-08-24,NCWL,HALD,handysize,16.48,36,False,6.5875734696846315,581.0035894107082
2026-08-25,NCWL,HALD,handysize,18.72,38,False,6.9428122323535115,554.5682072222411
2026-08-26,NCWL,HALD,handysize,16.25,39,False,5.003282279851347,569.0879281257774
2026-08-27,NCWL,HALD,handysize,16.75,35,False,6.056362936121814,582.2345670206992
2026-08-28,NCWL,HALD,handysize,17.02,38,False,3.671218711506781,570.0667697902492
2026-07-24,NCWL,HALD,panamax,12.1,33,False,3.0668219382829944,650.1580325409932
2026-07-25,NCWL,HALD,panamax,10.78,30,False,2.608403355204574,643.6993625429313
2026-07-26,NCWL,HALD,panamax,11.49,32,False,3.2702850493699875,666.3491743004884
2026-07-27,NCWL,HALD,panamax,12.82,32,False,4.608937130908816,625.3830005804758
2026-07-28,NCWL,HALD,panamax,11.43,32,False,4.353912263479797,600.2245213927703
2026-07-29,NCWL,HALD,panamax,12.02,32,False,3.5847180770067633,615.7003025948536
2026-07-30,NCWL,HALD,panamax,12.34,33,False,3.274377022300728,801.9233444630702
2026-07-31,NCWL,HALD,panamax,11.62,32,False,5.457465144778804,685.1256561704948
2026-08-01,NCWL,HALD,panamax,10.38,33,False,4.700702490322272,597.2252481544682
2026-08-02,NCWL,HALD,panamax,10.42,33,False,4.733187055227087,460.3024253486705
2026-08-03,NCWL,HALD,panamax,10.51,32,False,5.38312873710184,553.8247891861207
2026-08-04,NCWL,HALD,panamax,11.39,35,False,6.333428086041575,573.8401285326722
2026-08-05,NCWL,HALD,panamax,10.86,38,False,10.010259242757325,660.8233244740196
2026-08-06,NCWL,HALD,panamax,9.46,34,False,4.26007042074878,538.2291589607162
2026-08-07,NCWL,HALD,panamax,10.09,32,False,4.2515425521934,507.85381984716355
2026-08-08,NCWL,HALD,panamax,10.53,34,False,3.207022372544709,678.0639728104558
2026-08-09,NCWL,HALD,panamax,10.59,33,False,6.499915845132144,573.6813220183258
2026-08-10,NCWL,HALD,panamax,10.09,32,False,5.42759111424131,597.5506476736691
2026-08-11,NCWL,HALD,panamax,9.61,30,False,4.441623603447734,448.35294278647814
2026-08-12,NCWL,HALD,panamax,10.35,22,False,5.70626605526868,470.7183215617164
2026-08-13,NCWL,HALD,panamax,11.06,39,False,4.928737323236708,549.3890900381006
2026-08-14,NCWL,HALD,panamax,10.81,24,False,6.002886279365583,558.2667705526875
2026-08-15,NCWL,HALD,panamax,11.15,24,False,4.591980555196012,586.0103893739373
2026-08-16,NCWL,HALD,panamax,12.18,41,False,7.9139822862521605,635.1381075714971
2026-08-17,NCWL,HALD,panamax,11.36,36,False,6.6937378655283135,575.3012677199996
2026-08-18,NCWL,HALD,panamax,10.53,39,False,5.765477860726531,439.9290845761742
2026-08-19,NCWL,HALD,panamax,10.14,38,False,7.733831392933077,509.9020504171288
2026-08-20,NCWL,HALD,panamax,12.18,45,False,5.319788780341171,572.7570492397053
2026-08-21,NCWL,HALD,panamax,10.85,38,False,4.620819405824137,572.0630153374796
2026-08-22,NCWL,HALD,panamax,11.46,39,False,4.456390270084111,576.1659781245057
2026-08-23,NCWL,HALD,panamax,10.58,41,False,4.732193901995379,546.5441911006317
2026-08-24,NCWL,HALD,panamax,11.07,36,False,6.5875734696846315,581.0035894107082
2026-08-25,NCWL,HALD,panamax,12.6,38,False,6.9428122323535115,554.5682072222411
2026-08-26,NCWL,HALD,panamax,10.91,39,False,5.003282279851347,569.0879281257774
2026-08-27,NCWL,HALD,panamax,11.25,35,False,6.056362936121814,582.2345670206992
2026-08-28,NCWL,HALD,panamax,11.44,38,False,3.671218711506781,570.0667697902492
2026-07-24,NCWL,HALD,supramax,13.24,33,False,3.0668219382829944,650.1580325409932
2026-07-25,NCWL,HALD,supramax,11.8,30,False,2.608403355204574,643.6993625429313
2026-07-26,NCWL,HALD,supramax,12.57,32,False,3.2702850493699875,666.3491743004884
2026-07-27,NCWL,HALD,supramax,14.02,32,False,4.608937130908816,625.3830005804758
2026-07-28,NCWL,HALD,supramax,12.5,32,False,4.353912263479797,600.2245213927703
2026-07-29,NCWL,HALD,supramax,13.15,32,False,3.5847180770067633,615.7003025948536
2026-07-30,NCWL,HALD,supramax,13.52,33,False,3.274377022300728,801.9233444630702
2026-07-31,NCWL,HALD,supramax,12.72,32,False,5.457465144778804,685.1256561704948
2026-08-01,NCWL,HALD,supramax,11.36,33,False,4.700702490322272,597.2252481544682
2026-08-02,NCWL,HALD,supramax,11.38,33,False,4.733187055227087,460.3024253486705
2026-08-03,NCWL,HALD,supramax,11.49,32,False,5.38312873710184,553.8247891861207
2026-08-04,NCWL,HALD,supramax,12.46,35,False,6.333428086041575,573.8401285326722
2026-08-05,NCWL,HALD,supramax,11.89,38,False,10.010259242757325,660.8233244740196
2026-08-06,NCWL,HALD,supramax,10.35,34,False,4.26007042074878,538.2291589607162
2026-08-07,NCWL,HALD,supramax,11.03,32,False,4.2515425521934,507.85381984716355
2026-08-08,NCWL,HALD,supramax,11.54,34,False,3.207022372544709,678.0639728104558
2026-08-09,NCWL,HALD,supramax,11.58,33,False,6.499915845132144,573.6813220183258
2026-08-10,NCWL,HALD,supramax,11.05,32,False,5.42759111424131,597.5506476736691
2026-08-11,NCWL,HALD,supramax,10.49,30,False,4.441623603447734,448.35294278647814
2026-08-12,NCWL,HALD,supramax,11.3,22,False,5.70626605526868,470.7183215617164
2026-08-13,NCWL,HALD,supramax,12.09,39,False,4.928737323236708,549.3890900381006
2026-08-14,NCWL,HALD,supramax,11.82,24,False,6.002886279365583,558.2667705526875
2026-08-15,NCWL,HALD,supramax,12.2,24,False,4.591980555196012,586.0103893739373
2026-08-16,NCWL,HALD,supramax,13.32,41,False,7.9139822862521605,635.1381075714971
2026-08-17,NCWL,HALD,supramax,12.42,36,False,6.6937378655283135,575.3012677199996
2026-08-18,NCWL,HALD,supramax,11.49,39,False,5.765477860726531,439.9290845761742
2026-08-19,NCWL,HALD,supramax,11.08,38,False,7.733831392933077,509.9020504171288
2026-08-20,NCWL,HALD,supramax,13.31,45,False,5.319788780341171,572.7570492397053
2026-08-21,NCWL,HALD,supramax,11.87,38,False,4.620819405824137,572.0630153374796
2026-08-22,NCWL,HALD,supramax,12.54,39,False,4.456390270084111,576.1659781245057
2026-08-23,NCWL,HALD,supramax,11.58,41,False,4.732193901995379,546.5441911006317
2026-08-24,NCWL,HALD,supramax,12.11,36,False,6.5875734696846315,581.0035894107082
2026-08-25,NCWL,HALD,supramax,13.77,38,False,6.9428122323535115,554.5682072222411
2026-08-26,NCWL,HALD,supramax,11.94,39,False,5.003282279851347,569.0879281257774
2026-08-27,NCWL,HALD,supramax,12.31,35,False,6.056362936121814,582.2345670206992
2026-08-28,NCWL,HALD,supramax,12.51,38,False,3.671218711506781,570.0667697902492
2026-07-24,NCWL,PRDP,capesize,8.92,14,False,3.0668219382829944,650.1580325409932
2026-07-25,NCWL,PRDP,capesize,7.93,13,False,2.608403355204574,643.6993625429313
2026-07-26,NCWL,PRDP,capesize,8.46,15,False,3.2702850493699875,666.3491743004884
2026-07-27,NCWL,PRDP,capesize,9.47,20,False,4.608937130908816,625.3830005804758
2026-07-28,NCWL,PRDP,capesize,8.42,14,False,4.353912263479797,600.2245213927703
2026-07-29,NCWL,PRDP,capesize,8.87,14,False,3.5847180770067633,615.7003025948536
2026-07-30,NCWL,PRDP,capesize,9.07,18,False,3.274377022300728,801.9233444630702
2026-07-31,NCWL,PRDP,capesize,8.55,19,False,5.457465144778804,685.1256561704948
2026-08-01,NCWL,PRDP,capesize,7.64,19,False,4.700702490322272,597.2252481544682
2026-08-02,NCWL,PRDP,capesize,7.7,22,False,4.733187055227087,460.3024253486705
2026-08-03,NCWL,PRDP,capesize,7.75,21,False,5.38312873710184,553.8247891861207
2026-08-04,NCWL,PRDP,capesize,8.4,19,False,6.333428086041575,573.8401285326722
2026-08-05,NCWL,PRDP,capesize,7.99,19,False,10.010259242757325,660.8233244740196
2026-08-06,NCWL,PRDP,capesize,6.96,17,False,4.26007042074878,538.2291589607162
2026-08-07,NCWL,PRDP,capesize,7.44,18,False,4.2515425521934,507.85381984716355
2026-08-08,NCWL,PRDP,capesize,7.74,15,False,3.207022372544709,678.0639728104558
2026-08-09,NCWL,PRDP,capesize,7.8,18,False,6.499915845132144,573.6813220183258
2026-08-10,NCWL,PRDP,capesize,7.42,17,False,5.42759111424131,597.5506476736691
2026-08-11,NCWL,PRDP,capesize,7.09,16,False,4.441623603447734,448.35294278647814
2026-08-12,NCWL,PRDP,capesize,7.64,19,False,5.70626605526868,470.7183215617164
2026-08-13,NCWL,PRDP,capesize,8.16,15,False,4.928737323236708,549.3890900381006
2026-08-14,NCWL,PRDP,capesize,7.97,16,False,6.002886279365583,558.2667705526875
2026-08-15,NCWL,PRDP,capesize,8.22,14,False,4.591980555196012,586.0103893739373
2026-08-16,NCWL,PRDP,capesize,8.98,17,False,7.9139822862521605,635.1381075714971
2026-08-17,NCWL,PRDP,capesize,8.38,21,False,6.6937378655283135,575.3012677199996
2026-08-18,NCWL,PRDP,capesize,7.78,18,False,5.765477860726531,439.9290845761742
2026-08-19,NCWL,PRDP,capesize,7.48,16,False,7.733831392933077,509.9020504171288
2026-08-20,NCWL,PRDP,capesize,9.0,16,False,5.319788780341171,572.7570492397053
2026-08-21,NCWL,PRDP,capesize,8.0,18,False,4.620819405824137,572.0630153374796
2026-08-22,NCWL,PRDP,capesize,8.46,17,False,4.456390270084111,576.1659781245057
2026-08-23,NCWL,PRDP,capesize,7.81,20,False,4.732193901995379,546.5441911006317
2026-08-24,NCWL,PRDP,capesize,8.16,18,False,6.5875734696846315,581.0035894107082
2026-08-25,NCWL,PRDP,capesize,9.32,16,False,6.9428122323535115,554.5682072222411
2026-08-26,NCWL,PRDP,capesize,8.05,16,False,5.003282279851347,569.0879281257774
2026-08-27,NCWL,PRDP,capesize,8.3,17,False,6.056362936121814,582.2345670206992
2026-08-28,NCWL,PRDP,capesize,8.44,17,False,3.671218711506781,570.0667697902492
2026-07-24,NCWL,PRDP,handysize,17.76,14,False,3.0668219382829944,650.1580325409932
2026-07-25,NCWL,PRDP,handysize,15.85,13,False,2.608403355204574,643.6993625429313
2026-07-26,NCWL,PRDP,handysize,16.88,15,False,3.2702850493699875,666.3491743004884
2026-07-27,NCWL,PRDP,handysize,18.8,20,False,4.608937130908816,625.3830005804758
2026-07-28,NCWL,PRDP,handysize,16.76,14,False,4.353912263479797,600.2245213927703
2026-07-29,NCWL,PRDP,handysize,17.63,14,False,3.5847180770067633,615.7003025948536
2026-07-30,NCWL,PRDP,handysize,18.18,18,False,3.274377022300728,801.9233444630702
2026-07-31,NCWL,PRDP,handysize,17.07,19,False,5.457465144778804,685.1256561704948
2026-08-01,NCWL,PRDP,handysize,15.25,19,False,4.700702490322272,597.2252481544682
2026-08-02,NCWL,PRDP,handysize,15.24,22,False,4.733187055227087,460.3024253486705
2026-08-03,NCWL,PRDP,handysize,15.42,21,False,5.38312873710184,553.8247891861207
2026-08-04,NCWL,PRDP,handysize,16.7,19,False,6.333428086041575,573.8401285326722
2026-08-05,NCWL,PRDP,handysize,15.97,19,False,10.010259242757325,660.8233244740196
2026-08-06,NCWL,PRDP,handysize,13.88,17,False,4.26007042074878,538.2291589607162
2026-08-07,NCWL,PRDP,handysize,14.79,18,False,4.2515425521934,507.85381984716355
2026-08-08,NCWL,PRDP,handysize,15.51,15,False,3.207022372544709,678.0639728104558
2026-08-09,NCWL,PRDP,handysize,15.54,18,False,6.499915845132144,573.6813220183258
2026-08-10,NCWL,PRDP,handysize,14.83,17,False,5.42759111424131,597.5506476736691
2026-08-11,NCWL,PRDP,handysize,14.06,16,False,4.441623603447734,448.35294278647814
2026-08-12,NCWL,PRDP,handysize,15.13,19,False,5.70626605526868,470.7183215617164
2026-08-13,NCWL,PRDP,handysize,16.21,15,False,4.928737323236708,549.3890900381006
2026-08-14,NCWL,PRDP,handysize,15.86,16,False,6.002886279365583,558.2667705526875
2026-08-15,NCWL,PRDP,handysize,16.37,14,False,4.591980555196012,586.0103893739373
2026-08-16,NCWL,PRDP,handysize,17.87,17,False,7.9139822862521605,635.1381075714971
2026-08-17,NCWL,PRDP,handysize,16.66,21,False,6.6937378655283135,575.3012677199996
2026-08-18,NCWL,PRDP,handysize,15.39,18,False,5.765477860726531,439.9290845761742
2026-08-19,NCWL,PRDP,handysize,14.86,16,False,7.733831392933077,509.9020504171288
2026-08-20,NCWL,PRDP,handysize,17.84,16,False,5.319788780341171,572.7570492397053
2026-08-21,NCWL,PRDP,handysize,15.92,18,False,4.620819405824137,572.0630153374796
2026-08-22,NCWL,PRDP,handysize,16.81,17,False,4.456390270084111,576.1659781245057
2026-08-23,NCWL,PRDP,handysize,15.52,20,False,4.732193901995379,546.5441911006317
2026-08-24,NCWL,PRDP,handysize,16.24,18,False,6.5875734696846315,581.0035894107082
2026-08-25,NCWL,PRDP,handysize,18.45,16,False,6.9428122323535115,554.5682072222411
2026-08-26,NCWL,PRDP,handysize,16.0,16,False,5.003282279851347,569.0879281257774
2026-08-27,NCWL,PRDP,handysize,16.5,17,False,6.056362936121814,582.2345670206992
2026-08-28,NCWL,PRDP,handysize,16.76,17,False,3.671218711506781,570.0667697902492
2026-07-24,NCWL,PRDP,panamax,11.92,14,False,3.0668219382829944,650.1580325409932
2026-07-25,NCWL,PRDP,panamax,10.62,13,False,2.608403355204574,643.6993625429313
2026-07-26,NCWL,PRDP,panamax,11.32,15,False,3.2702850493699875,666.3491743004884
2026-07-27,NCWL,PRDP,panamax,12.64,20,False,4.608937130908816,625.3830005804758
2026-07-28,NCWL,PRDP,panamax,11.26,14,False,4.353912263479797,600.2245213927703
2026-07-29,NCWL,PRDP,panamax,11.85,14,False,3.5847180770067633,615.7003025948536
2026-07-30,NCWL,PRDP,panamax,12.15,18,False,3.274377022300728,801.9233444630702
2026-07-31,NCWL,PRDP,panamax,11.44,19,False,5.457465144778804,685.1256561704948
2026-08-01,NCWL,PRDP,panamax,10.23,19,False,4.700702490322272,597.2252481544682
2026-08-02,NCWL,PRDP,panamax,10.27,22,False,4.733187055227087,460.3024253486705
2026-08-03,NCWL,PRDP,panamax,10.36,21,False,5.38312873710184,553.8247891861207
2026-08-04,NCWL,PRDP,panamax,11.23,19,False,6.333428086041575,573.8401285326722
2026-08-05,NCWL,PRDP,panamax,10.7,19,False,10.010259242757325,660.8233244740196
2026-08-06,NCWL,PRDP,panamax,9.32,17,False,4.26007042074878,538.2291589607162
2026-08-07,NCWL,PRDP,panamax,9.95,18,False,4.2515425521934,507.85381984716355
2026-08-08,NCWL,PRDP,panamax,10.38,15,False,3.207022372544709,678.0639728104558
2026-08-09,NCWL,PRDP,panamax,10.43,18,False,6.499915845132144,573.6813220183258
2026-08-10,NCWL,PRDP,panamax,9.94,17,False,5.42759111424131,597.5506476736691
2026-08-11,NCWL,PRDP,panamax,9.47,16,False,4.441623603447734,448.35294278647814
2026-08-12,NCWL,PRDP,panamax,10.2,19,False,5.70626605526868,470.7183215617164
2026-08-13,NCWL,PRDP,panamax,10.9,15,False,4.928737323236708,549.3890900381006
2026-08-14,NCWL,PRDP,panamax,10.66,16,False,6.002886279365583,558.2667705526875
2026-08-15,NCWL,PRDP,panamax,10.99,14,False,4.591980555196012,586.0103893739373
2026-08-16,NCWL,PRDP,panamax,12.0,17,False,7.9139822862521605,635.1381075714971
2026-08-17,NCWL,PRDP,panamax,11.19,21,False,6.6937378655283135,575.3012677199996
2026-08-18,NCWL,PRDP,panamax,10.38,18,False,5.765477860726531,439.9290845761742
2026-08-19,NCWL,PRDP,panamax,9.99,16,False,7.733831392933077,509.9020504171288
2026-08-20,NCWL,PRDP,panamax,12.0,16,False,5.319788780341171,572.7570492397053
2026-08-21,NCWL,PRDP,panamax,10.7,18,False,4.620819405824137,572.0630153374796
2026-08-22,NCWL,PRDP,panamax,11.3,17,False,4.456390270084111,576.1659781245057
2026-08-23,NCWL,PRDP,panamax,10.43,20,False,4.732193901995379,546.5441911006317
2026-08-24,NCWL,PRDP,panamax,10.91,18,False,6.5875734696846315,581.0035894107082
2026-08-25,NCWL,PRDP,panamax,12.42,16,False,6.9428122323535115,554.5682072222411
2026-08-26,NCWL,PRDP,panamax,10.76,16,False,5.003282279851347,569.0879281257774
2026-08-27,NCWL,PRDP,panamax,11.09,17,False,6.056362936121814,582.2345670206992
2026-08-28,NCWL,PRDP,panamax,11.27,17,False,3.671218711506781,570.0667697902492
2026-07-24,NCWL,PRDP,supramax,13.04,14,False,3.0668219382829944,650.1580325409932
2026-07-25,NCWL,PRDP,supramax,11.62,13,False,2.608403355204574,643.6993625429313
2026-07-26,NCWL,PRDP,supramax,12.39,15,False,3.2702850493699875,666.3491743004884
2026-07-27,NCWL,PRDP,supramax,13.82,20,False,4.608937130908816,625.3830005804758
2026-07-28,NCWL,PRDP,supramax,12.31,14,False,4.353912263479797,600.2245213927703
2026-07-29,NCWL,PRDP,supramax,12.95,14,False,3.5847180770067633,615.7003025948536
2026-07-30,NCWL,PRDP,supramax,13.32,18,False,3.274377022300728,801.9233444630702
2026-07-31,NCWL,PRDP,supramax,12.53,19,False,5.457465144778804,685.1256561704948
2026-08-01,NCWL,PRDP,supramax,11.19,19,False,4.700702490322272,597.2252481544682
2026-08-02,NCWL,PRDP,supramax,11.22,22,False,4.733187055227087,460.3024253486705
2026-08-03,NCWL,PRDP,supramax,11.32,21,False,5.38312873710184,553.8247891861207
2026-08-04,NCWL,PRDP,supramax,12.28,19,False,6.333428086041575,573.8401285326722
2026-08-05,NCWL,PRDP,supramax,11.71,19,False,10.010259242757325,660.8233244740196
2026-08-06,NCWL,PRDP,supramax,10.2,17,False,4.26007042074878,538.2291589607162
2026-08-07,NCWL,PRDP,supramax,10.87,18,False,4.2515425521934,507.85381984716355
2026-08-08,NCWL,PRDP,supramax,11.36,15,False,3.207022372544709,678.0639728104558
2026-08-09,NCWL,PRDP,supramax,11.41,18,False,6.499915845132144,573.6813220183258
2026-08-10,NCWL,PRDP,supramax,10.88,17,False,5.42759111424131,597.5506476736691
2026-08-11,NCWL,PRDP,supramax,10.34,16,False,4.441623603447734,448.35294278647814
2026-08-12,NCWL,PRDP,supramax,11.14,19,False,5.70626605526868,470.7183215617164
2026-08-13,NCWL,PRDP,supramax,11.91,15,False,4.928737323236708,549.3890900381006
2026-08-14,NCWL,PRDP,supramax,11.65,16,False,6.002886279365583,558.2667705526875
2026-08-15,NCWL,PRDP,supramax,12.02,14,False,4.591980555196012,586.0103893739373
2026-08-16,NCWL,PRDP,supramax,13.12,17,False,7.9139822862521605,635.1381075714971
2026-08-17,NCWL,PRDP,supramax,12.24,21,False,6.6937378655283135,575.3012677199996
2026-08-18,NCWL,PRDP,supramax,11.32,18,False,5.765477860726531,439.9290845761742
2026-08-19,NCWL,PRDP,supramax,10.92,16,False,7.733831392933077,509.9020504171288
2026-08-20,NCWL,PRDP,supramax,13.12,16,False,5.319788780341171,572.7570492397053
2026-08-21,NCWL,PRDP,supramax,11.7,18,False,4.620819405824137,572.0630153374796
2026-08-22,NCWL,PRDP,supramax,12.35,17,False,4.456390270084111,576.1659781245057
2026-08-23,NCWL,PRDP,supramax,11.41,20,False,4.732193901995379,546.5441911006317
2026-08-24,NCWL,PRDP,supramax,11.93,18,False,6.5875734696846315,581.0035894107082
2026-08-25,NCWL,PRDP,supramax,13.57,16,False,6.9428122323535115,554.5682072222411
2026-08-26,NCWL,PRDP,supramax,11.76,16,False,5.003282279851347,569.0879281257774
2026-08-27,NCWL,PRDP,supramax,12.12,17,False,6.056362936121814,582.2345670206992
2026-08-28,NCWL,PRDP,supramax,12.32,17,False,3.671218711506781,570.0667697902492
2026-07-24,NCWL,SAGA,capesize,9.03,19,False,3.0668219382829944,650.1580325409932
2026-07-25,NCWL,SAGA,capesize,8.03,21,False,2.608403355204574,643.6993625429313
2026-07-26,NCWL,SAGA,capesize,8.56,21,False,3.2702850493699875,666.3491743004884
2026-07-27,NCWL,SAGA,capesize,9.58,22,False,4.608937130908816,625.3830005804758
2026-07-28,NCWL,SAGA,capesize,8.52,22,False,4.353912263479797,600.2245213927703
2026-07-29,NCWL,SAGA,capesize,8.97,35,False,3.5847180770067633,615.7003025948536
2026-07-30,NCWL,SAGA,capesize,9.18,14,False,3.274377022300728,801.9233444630702
2026-07-31,NCWL,SAGA,capesize,8.65,26,False,5.457465144778804,685.1256561704948
2026-08-01,NCWL,SAGA,capesize,7.73,24,False,4.700702490322272,597.2252481544682
2026-08-02,NCWL,SAGA,capesize,7.79,25,False,4.733187055227087,460.3024253486705
2026-08-03,NCWL,SAGA,capesize,7.84,27,False,5.38312873710184,553.8247891861207
2026-08-04,NCWL,SAGA,capesize,8.5,23,False,6.333428086041575,573.8401285326722
2026-08-05,NCWL,SAGA,capesize,8.08,20,False,10.010259242757325,660.8233244740196
2026-08-06,NCWL,SAGA,capesize,7.04,22,False,4.26007042074878,538.2291589607162
2026-08-07,NCWL,SAGA,capesize,7.53,29,False,4.2515425521934,507.85381984716355
2026-08-08,NCWL,SAGA,capesize,7.83,22,False,3.207022372544709,678.0639728104558
2026-08-09,NCWL,SAGA,capesize,7.89,25,False,6.499915845132144,573.6813220183258
2026-08-10,NCWL,SAGA,capesize,7.51,22,False,5.42759111424131,597.5506476736691
2026-08-11,NCWL,SAGA,capesize,7.17,23,False,4.441623603447734,448.35294278647814
2026-08-12,NCWL,SAGA,capesize,7.73,22,False,5.70626605526868,470.7183215617164
2026-08-13,NCWL,SAGA,capesize,8.26,24,False,4.928737323236708,549.3890900381006
2026-08-14,NCWL,SAGA,capesize,8.07,23,False,6.002886279365583,558.2667705526875
2026-08-15,NCWL,SAGA,capesize,8.32,20,False,4.591980555196012,586.0103893739373
2026-08-16,NCWL,SAGA,capesize,9.09,20,False,7.9139822862521605,635.1381075714971
2026-08-17,NCWL,SAGA,capesize,8.48,20,False,6.6937378655283135,575.3012677199996
2026-08-18,NCWL,SAGA,capesize,7.87,20,False,5.765477860726531,439.9290845761742
2026-08-19,NCWL,SAGA,capesize,7.57,20,False,7.733831392933077,509.9020504171288
2026-08-20,NCWL,SAGA,capesize,9.1,20,False,5.319788780341171,572.7570492397053
2026-08-21,NCWL,SAGA,capesize,8.1,20,False,4.620819405824137,572.0630153374796
2026-08-22,NCWL,SAGA,capesize,8.56,20,False,4.456390270084111,576.1659781245057
2026-08-23,NCWL,SAGA,capesize,7.9,20,False,4.732193901995379,546.5441911006317
2026-08-24,NCWL,SAGA,capesize,8.26,20,False,6.5875734696846315,581.0035894107082
2026-08-25,NCWL,SAGA,capesize,9.43,20,False,6.9428122323535115,554.5682072222411
2026-08-26,NCWL,SAGA,capesize,8.14,19,False,5.003282279851347,569.0879281257774
2026-08-27,NCWL,SAGA,capesize,8.4,18,False,6.056362936121814,582.2345670206992
2026-08-28,NCWL,SAGA,capesize,8.54,20,False,3.671218711506781,570.0667697902492
2026-07-24,NCWL,SAGA,handysize,17.98,19,False,3.0668219382829944,650.1580325409932
2026-07-25,NCWL,SAGA,handysize,16.04,21,False,2.608403355204574,643.6993625429313
2026-07-26,NCWL,SAGA,handysize,17.09,21,False,3.2702850493699875,666.3491743004884
2026-07-27,NCWL,SAGA,handysize,19.03,22,False,4.608937130908816,625.3830005804758
2026-07-28,NCWL,SAGA,handysize,16.96,22,False,4.353912263479797,600.2245213927703
2026-07-29,NCWL,SAGA,handysize,17.84,35,False,3.5847180770067633,615.7003025948536
2026-07-30,NCWL,SAGA,handysize,18.4,14,False,3.274377022300728,801.9233444630702
2026-07-31,NCWL,SAGA,handysize,17.28,26,False,5.457465144778804,685.1256561704948
2026-08-01,NCWL,SAGA,handysize,15.43,24,False,4.700702490322272,597.2252481544682
2026-08-02,NCWL,SAGA,handysize,15.42,25,False,4.733187055227087,460.3024253486705
2026-08-03,NCWL,SAGA,handysize,15.6,27,False,5.38312873710184,553.8247891861207
2026-08-04,NCWL,SAGA,handysize,16.9,23,False,6.333428086041575,573.8401285326722
2026-08-05,NCWL,SAGA,handysize,16.16,20,False,10.010259242757325,660.8233244740196
2026-08-06,NCWL,SAGA,handysize,14.05,22,False,4.26007042074878,538.2291589607162
2026-08-07,NCWL,SAGA,handysize,14.96,29,False,4.2515425521934,507.85381984716355
2026-08-08,NCWL,SAGA,handysize,15.7,22,False,3.207022372544709,678.0639728104558
2026-08-09,NCWL,SAGA,handysize,15.72,25,False,6.499915845132144,573.6813220183258
2026-08-10,NCWL,SAGA,handysize,15.01,22,False,5.42759111424131,597.5506476736691
2026-08-11,NCWL,SAGA,handysize,14.22,23,False,4.441623603447734,448.35294278647814
2026-08-12,NCWL,SAGA,handysize,15.31,22,False,5.70626605526868,470.7183215617164
2026-08-13,NCWL,SAGA,handysize,16.4,24,False,4.928737323236708,549.3890900381006
2026-08-14,NCWL,SAGA,handysize,16.05,23,False,6.002886279365583,558.2667705526875
2026-08-15,NCWL,SAGA,handysize,16.56,20,False,4.591980555196012,586.0103893739373
2026-08-16,NCWL,SAGA,handysize,18.09,20,False,7.9139822862521605,635.1381075714971
2026-08-17,NCWL,SAGA,handysize,16.86,20,False,6.6937378655283135,575.3012677199996
2026-08-18,NCWL,SAGA,handysize,15.57,20,False,5.765477860726531,439.9290845761742
2026-08-19,NCWL,SAGA,handysize,15.03,20,False,7.733831392933077,509.9020504171288
2026-08-20,NCWL,SAGA,handysize,18.06,20,False,5.319788780341171,572.7570492397053
2026-08-21,NCWL,SAGA,handysize,16.11,20,False,4.620819405824137,572.0630153374796
2026-08-22,NCWL,SAGA,handysize,17.01,20,False,4.456390270084111,576.1659781245057
2026-08-23,NCWL,SAGA,handysize,15.71,20,False,4.732193901995379,546.5441911006317
2026-08-24,NCWL,SAGA,handysize,16.44,20,False,6.5875734696846315,581.0035894107082
2026-08-25,NCWL,SAGA,handysize,18.67,20,False,6.9428122323535115,554.5682072222411
2026-08-26,NCWL,SAGA,handysize,16.2,19,False,5.003282279851347,569.0879281257774
2026-08-27,NCWL,SAGA,handysize,16.7,18,False,6.056362936121814,582.2345670206992
2026-08-28,NCWL,SAGA,handysize,16.96,20,False,3.671218711506781,570.0667697902492
2026-07-24,NCWL,SAGA,panamax,12.06,19,False,3.0668219382829944,650.1580325409932
2026-07-25,NCWL,SAGA,panamax,10.75,21,False,2.608403355204574,643.6993625429313
2026-07-26,NCWL,SAGA,panamax,11.46,21,False,3.2702850493699875,666.3491743004884
2026-07-27,NCWL,SAGA,panamax,12.79,22,False,4.608937130908816,625.3830005804758
2026-07-28,NCWL,SAGA,panamax,11.39,22,False,4.353912263479797,600.2245213927703
2026-07-29,NCWL,SAGA,panamax,11.99,35,False,3.5847180770067633,615.7003025948536
2026-07-30,NCWL,SAGA,panamax,12.3,14,False,3.274377022300728,801.9233444630702
2026-07-31,NCWL,SAGA,panamax,11.58,26,False,5.457465144778804,685.1256561704948
2026-08-01,NCWL,SAGA,panamax,10.35,24,False,4.700702490322272,597.2252481544682
2026-08-02,NCWL,SAGA,panamax,10.39,25,False,4.733187055227087,460.3024253486705
2026-08-03,NCWL,SAGA,panamax,10.48,27,False,5.38312873710184,553.8247891861207
2026-08-04,NCWL,SAGA,panamax,11.36,23,False,6.333428086041575,573.8401285326722
2026-08-05,NCWL,SAGA,panamax,10.83,20,False,10.010259242757325,660.8233244740196
2026-08-06,NCWL,SAGA,panamax,9.43,22,False,4.26007042074878,538.2291589607162
2026-08-07,NCWL,SAGA,panamax,10.06,29,False,4.2515425521934,507.85381984716355
2026-08-08,NCWL,SAGA,panamax,10.5,22,False,3.207022372544709,678.0639728104558
2026-08-09,NCWL,SAGA,panamax,10.56,25,False,6.499915845132144,573.6813220183258
2026-08-10,NCWL,SAGA,panamax,10.06,22,False,5.42759111424131,597.5506476736691
2026-08-11,NCWL,SAGA,panamax,9.58,23,False,4.441623603447734,448.35294278647814
2026-08-12,NCWL,SAGA,panamax,10.32,22,False,5.70626605526868,470.7183215617164
2026-08-13,NCWL,SAGA,panamax,11.03,24,False,4.928737323236708,549.3890900381006
2026-08-14,NCWL,SAGA,panamax,10.78,23,False,6.002886279365583,558.2667705526875
2026-08-15,NCWL,SAGA,panamax,11.12,20,False,4.591980555196012,586.0103893739373
2026-08-16,NCWL,SAGA,panamax,12.14,20,False,7.9139822862521605,635.1381075714971
2026-08-17,NCWL,SAGA,panamax,11.32,20,False,6.6937378655283135,575.3012677199996
2026-08-18,NCWL,SAGA,panamax,10.5,20,False,5.765477860726531,439.9290845761742
2026-08-19,NCWL,SAGA,panamax,10.11,20,False,7.733831392933077,509.9020504171288
2026-08-20,NCWL,SAGA,panamax,12.14,20,False,5.319788780341171,572.7570492397053
2026-08-21,NCWL,SAGA,panamax,10.82,20,False,4.620819405824137,572.0630153374796
2026-08-22,NCWL,SAGA,panamax,11.43,20,False,4.456390270084111,576.1659781245057
2026-08-23,NCWL,SAGA,panamax,10.55,20,False,4.732193901995379,546.5441911006317
2026-08-24,NCWL,SAGA,panamax,11.04,20,False,6.5875734696846315,581.0035894107082
2026-08-25,NCWL,SAGA,panamax,12.57,20,False,6.9428122323535115,554.5682072222411
2026-08-26,NCWL,SAGA,panamax,10.88,19,False,5.003282279851347,569.0879281257774
2026-08-27,NCWL,SAGA,panamax,11.22,18,False,6.056362936121814,582.2345670206992
2026-08-28,NCWL,SAGA,panamax,11.41,20,False,3.671218711506781,570.0667697902492
2026-07-24,NCWL,SAGA,supramax,13.2,19,False,3.0668219382829944,650.1580325409932
2026-07-25,NCWL,SAGA,supramax,11.77,21,False,2.608403355204574,643.6993625429313
2026-07-26,NCWL,SAGA,supramax,12.54,21,False,3.2702850493699875,666.3491743004884
2026-07-27,NCWL,SAGA,supramax,13.98,22,False,4.608937130908816,625.3830005804758
2026-07-28,NCWL,SAGA,supramax,12.46,22,False,4.353912263479797,600.2245213927703
2026-07-29,NCWL,SAGA,supramax,13.11,35,False,3.5847180770067633,615.7003025948536
2026-07-30,NCWL,SAGA,supramax,13.48,14,False,3.274377022300728,801.9233444630702
2026-07-31,NCWL,SAGA,supramax,12.68,26,False,5.457465144778804,685.1256561704948
2026-08-01,NCWL,SAGA,supramax,11.32,24,False,4.700702490322272,597.2252481544682
2026-08-02,NCWL,SAGA,supramax,11.35,25,False,4.733187055227087,460.3024253486705
2026-08-03,NCWL,SAGA,supramax,11.46,27,False,5.38312873710184,553.8247891861207
2026-08-04,NCWL,SAGA,supramax,12.42,23,False,6.333428086041575,573.8401285326722
2026-08-05,NCWL,SAGA,supramax,11.85,20,False,10.010259242757325,660.8233244740196
2026-08-06,NCWL,SAGA,supramax,10.32,22,False,4.26007042074878,538.2291589607162
2026-08-07,NCWL,SAGA,supramax,11.0,29,False,4.2515425521934,507.85381984716355
2026-08-08,NCWL,SAGA,supramax,11.5,22,False,3.207022372544709,678.0639728104558
2026-08-09,NCWL,SAGA,supramax,11.54,25,False,6.499915845132144,573.6813220183258
2026-08-10,NCWL,SAGA,supramax,11.01,22,False,5.42759111424131,597.5506476736691
2026-08-11,NCWL,SAGA,supramax,10.46,23,False,4.441623603447734,448.35294278647814
2026-08-12,NCWL,SAGA,supramax,11.27,22,False,5.70626605526868,470.7183215617164
2026-08-13,NCWL,SAGA,supramax,12.05,24,False,4.928737323236708,549.3890900381006
2026-08-14,NCWL,SAGA,supramax,11.79,23,False,6.002886279365583,558.2667705526875
2026-08-15,NCWL,SAGA,supramax,12.16,20,False,4.591980555196012,586.0103893739373
2026-08-16,NCWL,SAGA,supramax,13.28,20,False,7.9139822862521605,635.1381075714971
2026-08-17,NCWL,SAGA,supramax,12.38,20,False,6.6937378655283135,575.3012677199996
2026-08-18,NCWL,SAGA,supramax,11.46,20,False,5.765477860726531,439.9290845761742
2026-08-19,NCWL,SAGA,supramax,11.05,20,False,7.733831392933077,509.9020504171288
2026-08-20,NCWL,SAGA,supramax,13.27,20,False,5.319788780341171,572.7570492397053
2026-08-21,NCWL,SAGA,supramax,11.84,20,False,4.620819405824137,572.0630153374796
2026-08-22,NCWL,SAGA,supramax,12.5,20,False,4.456390270084111,576.1659781245057
2026-08-23,NCWL,SAGA,supramax,11.54,20,False,4.732193901995379,546.5441911006317
2026-08-24,NCWL,SAGA,supramax,12.07,20,False,6.5875734696846315,581.0035894107082
2026-08-25,NCWL,SAGA,supramax,13.73,20,False,6.9428122323535115,554.5682072222411
2026-08-26,NCWL,SAGA,supramax,11.9,19,False,5.003282279851347,569.0879281257774
2026-08-27,NCWL,SAGA,supramax,12.27,18,False,6.056362936121814,582.2345670206992
2026-08-28,NCWL,SAGA,supramax,12.47,20,False,3.671218711506781,570.0667697902492
2026-07-24,NCWL,VIZG,capesize,8.85,11,False,3.0668219382829944,650.1580325409932
2026-07-25,NCWL,VIZG,capesize,7.87,13,False,2.608403355204574,643.6993625429313
2026-07-26,NCWL,VIZG,capesize,8.39,11,False,3.2702850493699875,666.3491743004884
2026-07-27,NCWL,VIZG,capesize,9.4,19,False,4.608937130908816,625.3830005804758
2026-07-28,NCWL,VIZG,capesize,8.36,13,False,4.353912263479797,600.2245213927703
2026-07-29,NCWL,VIZG,capesize,8.8,15,False,3.5847180770067633,615.7003025948536
2026-07-30,NCWL,VIZG,capesize,9.0,15,False,3.274377022300728,801.9233444630702
2026-07-31,NCWL,VIZG,capesize,8.48,14,False,5.457465144778804,685.1256561704948
2026-08-01,NCWL,VIZG,capesize,7.58,12,False,4.700702490322272,597.2252481544682
2026-08-02,NCWL,VIZG,capesize,7.65,19,False,4.733187055227087,460.3024253486705
2026-08-03,NCWL,VIZG,capesize,7.69,14,False,5.38312873710184,553.8247891861207
2026-08-04,NCWL,VIZG,capesize,8.34,15,False,6.333428086041575,573.8401285326722
2026-08-05,NCWL,VIZG,capesize,7.93,16,False,10.010259242757325,660.8233244740196
2026-08-06,NCWL,VIZG,capesize,6.91,16,False,4.26007042074878,538.2291589607162
2026-08-07,NCWL,VIZG,capesize,7.39,16,False,4.2515425521934,507.85381984716355
2026-08-08,NCWL,VIZG,capesize,7.68,13,False,3.207022372544709,678.0639728104558
2026-08-09,NCWL,VIZG,capesize,7.74,15,False,6.499915845132144,573.6813220183258
2026-08-10,NCWL,VIZG,capesize,7.37,15,False,5.42759111424131,597.5506476736691
2026-08-11,NCWL,VIZG,capesize,7.04,14,False,4.441623603447734,448.35294278647814
2026-08-12,NCWL,VIZG,capesize,7.58,15,False,5.70626605526868,470.7183215617164
2026-08-13,NCWL,VIZG,capesize,8.1,16,False,4.928737323236708,549.3890900381006
2026-08-14,NCWL,VIZG,capesize,7.92,15,False,6.002886279365583,558.2667705526875
2026-08-15,NCWL,VIZG,capesize,8.16,15,False,4.591980555196012,586.0103893739373
2026-08-16,NCWL,VIZG,capesize,8.91,15,False,7.9139822862521605,635.1381075714971
2026-08-17,NCWL,VIZG,capesize,8.32,27,False,6.6937378655283135,575.3012677199996
2026-08-18,NCWL,VIZG,capesize,7.73,19,False,5.765477860726531,439.9290845761742
2026-08-19,NCWL,VIZG,capesize,7.42,9,False,7.733831392933077,509.9020504171288
2026-08-20,NCWL,VIZG,capesize,8.93,14,False,5.319788780341171,572.7570492397053
2026-08-21,NCWL,VIZG,capesize,7.94,12,False,4.620819405824137,572.0630153374796
2026-08-22,NCWL,VIZG,capesize,8.4,15,False,4.456390270084111,576.1659781245057
2026-08-23,NCWL,VIZG,capesize,7.75,13,False,4.732193901995379,546.5441911006317
2026-08-24,NCWL,VIZG,capesize,8.1,12,False,6.5875734696846315,581.0035894107082
2026-08-25,NCWL,VIZG,capesize,9.25,12,False,6.9428122323535115,554.5682072222411
2026-08-26,NCWL,VIZG,capesize,7.99,13,False,5.003282279851347,569.0879281257774
2026-08-27,NCWL,VIZG,capesize,8.24,12,False,6.056362936121814,582.2345670206992
2026-08-28,NCWL,VIZG,capesize,8.38,13,False,3.671218711506781,570.0667697902492
2026-07-24,NCWL,VIZG,handysize,17.63,11,False,3.0668219382829944,650.1580325409932
2026-07-25,NCWL,VIZG,handysize,15.73,13,False,2.608403355204574,643.6993625429313
2026-07-26,NCWL,VIZG,handysize,16.75,11,False,3.2702850493699875,666.3491743004884
2026-07-27,NCWL,VIZG,handysize,18.66,19,False,4.608937130908816,625.3830005804758
2026-07-28,NCWL,VIZG,handysize,16.63,13,False,4.353912263479797,600.2245213927703
2026-07-29,NCWL,VIZG,handysize,17.49,15,False,3.5847180770067633,615.7003025948536
2026-07-30,NCWL,VIZG,handysize,18.03,15,False,3.274377022300728,801.9233444630702
2026-07-31,NCWL,VIZG,handysize,16.94,14,False,5.457465144778804,685.1256561704948
2026-08-01,NCWL,VIZG,handysize,15.13,12,False,4.700702490322272,597.2252481544682
2026-08-02,NCWL,VIZG,handysize,15.13,19,False,4.733187055227087,460.3024253486705
2026-08-03,NCWL,VIZG,handysize,15.3,14,False,5.38312873710184,553.8247891861207
2026-08-04,NCWL,VIZG,handysize,16.57,15,False,6.333428086041575,573.8401285326722
2026-08-05,NCWL,VIZG,handysize,15.84,16,False,10.010259242757325,660.8233244740196
2026-08-06,NCWL,VIZG,handysize,13.78,16,False,4.26007042074878,538.2291589607162
2026-08-07,NCWL,VIZG,handysize,14.68,16,False,4.2515425521934,507.85381984716355
2026-08-08,NCWL,VIZG,handysize,15.39,13,False,3.207022372544709,678.0639728104558
2026-08-09,NCWL,VIZG,handysize,15.42,15,False,6.499915845132144,573.6813220183258
2026-08-10,NCWL,VIZG,handysize,14.72,15,False,5.42759111424131,597.5506476736691
2026-08-11,NCWL,VIZG,handysize,13.95,14,False,4.441623603447734,448.35294278647814
2026-08-12,NCWL,VIZG,handysize,15.02,15,False,5.70626605526868,470.7183215617164
2026-08-13,NCWL,VIZG,handysize,16.08,16,False,4.928737323236708,549.3890900381006
2026-08-14,NCWL,VIZG,handysize,15.74,15,False,6.002886279365583,558.2667705526875
2026-08-15,NCWL,VIZG,handysize,16.24,15,False,4.591980555196012,586.0103893739373
2026-08-16,NCWL,VIZG,handysize,17.73,15,False,7.9139822862521605,635.1381075714971
2026-08-17,NCWL,VIZG,handysize,16.53,27,False,6.6937378655283135,575.3012677199996
2026-08-18,NCWL,VIZG,handysize,15.27,19,False,5.765477860726531,439.9290845761742
2026-08-19,NCWL,VIZG,handysize,14.75,9,False,7.733831392933077,509.9020504171288
2026-08-20,NCWL,VIZG,handysize,17.71,14,False,5.319788780341171,572.7570492397053
2026-08-21,NCWL,VIZG,handysize,15.8,12,False,4.620819405824137,572.0630153374796
2026-08-22,NCWL,VIZG,handysize,16.68,15,False,4.456390270084111,576.1659781245057
2026-08-23,NCWL,VIZG,handysize,15.4,13,False,4.732193901995379,546.5441911006317
2026-08-24,NCWL,VIZG,handysize,16.12,12,False,6.5875734696846315,581.0035894107082
2026-08-25,NCWL,VIZG,handysize,18.31,12,False,6.9428122323535115,554.5682072222411
2026-08-26,NCWL,VIZG,handysize,15.88,13,False,5.003282279851347,569.0879281257774
2026-08-27,NCWL,VIZG,handysize,16.38,12,False,6.056362936121814,582.2345670206992
2026-08-28,NCWL,VIZG,handysize,16.64,13,False,3.671218711506781,570.0667697902492
2026-07-24,NCWL,VIZG,panamax,11.83,11,False,3.0668219382829944,650.1580325409932
2026-07-25,NCWL,VIZG,panamax,10.54,13,False,2.608403355204574,643.6993625429313
2026-07-26,NCWL,VIZG,panamax,11.24,11,False,3.2702850493699875,666.3491743004884
2026-07-27,NCWL,VIZG,panamax,12.54,19,False,4.608937130908816,625.3830005804758
2026-07-28,NCWL,VIZG,panamax,11.18,13,False,4.353912263479797,600.2245213927703
2026-07-29,NCWL,VIZG,panamax,11.76,15,False,3.5847180770067633,615.7003025948536
2026-07-30,NCWL,VIZG,panamax,12.06,15,False,3.274377022300728,801.9233444630702
2026-07-31,NCWL,VIZG,panamax,11.36,14,False,5.457465144778804,685.1256561704948
2026-08-01,NCWL,VIZG,panamax,10.15,12,False,4.700702490322272,597.2252481544682
2026-08-02,NCWL,VIZG,panamax,10.2,19,False,4.733187055227087,460.3024253486705
2026-08-03,NCWL,VIZG,panamax,10.28,14,False,5.38312873710184,553.8247891861207
2026-08-04,NCWL,VIZG,panamax,11.15,15,False,6.333428086041575,573.8401285326722
2026-08-05,NCWL,VIZG,panamax,10.62,16,False,10.010259242757325,660.8233244740196
2026-08-06,NCWL,VIZG,panamax,9.25,16,False,4.26007042074878,538.2291589607162
2026-08-07,NCWL,VIZG,panamax,9.88,16,False,4.2515425521934,507.85381984716355
2026-08-08,NCWL,VIZG,panamax,10.3,13,False,3.207022372544709,678.0639728104558
2026-08-09,NCWL,VIZG,panamax,10.36,15,False,6.499915845132144,573.6813220183258
2026-08-10,NCWL,VIZG,panamax,9.87,15,False,5.42759111424131,597.5506476736691
2026-08-11,NCWL,VIZG,panamax,9.4,14,False,4.441623603447734,448.35294278647814
2026-08-12,NCWL,VIZG,panamax,10.12,15,False,5.70626605526868,470.7183215617164
2026-08-13,NCWL,VIZG,panamax,10.82,16,False,4.928737323236708,549.3890900381006
2026-08-14,NCWL,VIZG,panamax,10.58,15,False,6.002886279365583,558.2667705526875
2026-08-15,NCWL,VIZG,panamax,10.91,15,False,4.591980555196012,586.0103893739373
2026-08-16,NCWL,VIZG,panamax,11.91,15,False,7.9139822862521605,635.1381075714971
2026-08-17,NCWL,VIZG,panamax,11.11,27,False,6.6937378655283135,575.3012677199996
2026-08-18,NCWL,VIZG,panamax,10.3,19,False,5.765477860726531,439.9290845761742
2026-08-19,NCWL,VIZG,panamax,9.92,9,False,7.733831392933077,509.9020504171288
2026-08-20,NCWL,VIZG,panamax,11.91,14,False,5.319788780341171,572.7570492397053
2026-08-21,NCWL,VIZG,panamax,10.62,12,False,4.620819405824137,572.0630153374796
2026-08-22,NCWL,VIZG,panamax,11.21,15,False,4.456390270084111,576.1659781245057
2026-08-23,NCWL,VIZG,panamax,10.35,13,False,4.732193901995379,546.5441911006317
2026-08-24,NCWL,VIZG,panamax,10.83,12,False,6.5875734696846315,581.0035894107082
2026-08-25,NCWL,VIZG,panamax,12.33,12,False,6.9428122323535115,554.5682072222411
2026-08-26,NCWL,VIZG,panamax,10.68,13,False,5.003282279851347,569.0879281257774
2026-08-27,NCWL,VIZG,panamax,11.01,12,False,6.056362936121814,582.2345670206992
2026-08-28,NCWL,VIZG,panamax,11.19,13,False,3.671218711506781,570.0667697902492
2026-07-24,NCWL,VIZG,supramax,12.94,11,False,3.0668219382829944,650.1580325409932
2026-07-25,NCWL,VIZG,supramax,11.54,13,False,2.608403355204574,643.6993625429313
2026-07-26,NCWL,VIZG,supramax,12.29,11,False,3.2702850493699875,666.3491743004884
2026-07-27,NCWL,VIZG,supramax,13.71,19,False,4.608937130908816,625.3830005804758
2026-07-28,NCWL,VIZG,supramax,12.22,13,False,4.353912263479797,600.2245213927703
2026-07-29,NCWL,VIZG,supramax,12.86,15,False,3.5847180770067633,615.7003025948536
2026-07-30,NCWL,VIZG,supramax,13.22,15,False,3.274377022300728,801.9233444630702
2026-07-31,NCWL,VIZG,supramax,12.43,14,False,5.457465144778804,685.1256561704948
2026-08-01,NCWL,VIZG,supramax,11.11,12,False,4.700702490322272,597.2252481544682
2026-08-02,NCWL,VIZG,supramax,11.14,19,False,4.733187055227087,460.3024253486705
2026-08-03,NCWL,VIZG,supramax,11.24,14,False,5.38312873710184,553.8247891861207
2026-08-04,NCWL,VIZG,supramax,12.18,15,False,6.333428086041575,573.8401285326722
2026-08-05,NCWL,VIZG,supramax,11.62,16,False,10.010259242757325,660.8233244740196
2026-08-06,NCWL,VIZG,supramax,10.12,16,False,4.26007042074878,538.2291589607162
2026-08-07,NCWL,VIZG,supramax,10.79,16,False,4.2515425521934,507.85381984716355
2026-08-08,NCWL,VIZG,supramax,11.28,13,False,3.207022372544709,678.0639728104558
2026-08-09,NCWL,VIZG,supramax,11.32,15,False,6.499915845132144,573.6813220183258
2026-08-10,NCWL,VIZG,supramax,10.8,15,False,5.42759111424131,597.5506476736691
2026-08-11,NCWL,VIZG,supramax,10.27,14,False,4.441623603447734,448.35294278647814
2026-08-12,NCWL,VIZG,supramax,11.06,15,False,5.70626605526868,470.7183215617164
2026-08-13,NCWL,VIZG,supramax,11.82,16,False,4.928737323236708,549.3890900381006
2026-08-14,NCWL,VIZG,supramax,11.56,15,False,6.002886279365583,558.2667705526875
2026-08-15,NCWL,VIZG,supramax,11.93,15,False,4.591980555196012,586.0103893739373
2026-08-16,NCWL,VIZG,supramax,13.02,15,False,7.9139822862521605,635.1381075714971
2026-08-17,NCWL,VIZG,supramax,12.14,27,False,6.6937378655283135,575.3012677199996
2026-08-18,NCWL,VIZG,supramax,11.24,19,False,5.765477860726531,439.9290845761742
2026-08-19,NCWL,VIZG,supramax,10.84,9,False,7.733831392933077,509.9020504171288
2026-08-20,NCWL,VIZG,supramax,13.02,14,False,5.319788780341171,572.7570492397053
2026-08-21,NCWL,VIZG,supramax,11.61,12,False,4.620819405824137,572.0630153374796
2026-08-22,NCWL,VIZG,supramax,12.26,15,False,4.456390270084111,576.1659781245057
2026-08-23,NCWL,VIZG,supramax,11.32,13,False,4.732193901995379,546.5441911006317
2026-08-24,NCWL,VIZG,supramax,11.84,12,False,6.5875734696846315,581.0035894107082
2026-08-25,NCWL,VIZG,supramax,13.47,12,False,6.9428122323535115,554.5682072222411
2026-08-26,NCWL,VIZG,supramax,11.67,13,False,5.003282279851347,569.0879281257774
2026-08-27,NCWL,VIZG,supramax,12.03,12,False,6.056362936121814,582.2345670206992
2026-08-28,NCWL,VIZG,supramax,12.23,13,False,3.671218711506781,570.0667697902492
2026-07-24,PORT,GNGV,capesize,6.44,7,False,6.79699634246725,650.1580325409932
2026-07-25,PORT,GNGV,capesize,5.71,7,False,10.175174417777002,643.6993625429313
2026-07-26,PORT,GNGV,capesize,6.09,8,False,19.348295574484833,666.3491743004884
2026-07-27,PORT,GNGV,capesize,6.85,7,False,8.878927284268165,625.3830005804758
2026-07-28,PORT,GNGV,capesize,6.09,8,False,9.908620033522464,600.2245213927703
2026-07-29,PORT,GNGV,capesize,6.41,9,False,9.119876385109578,615.7003025948536
2026-07-30,PORT,GNGV,capesize,6.49,9,False,7.886863980473465,801.9233444630702
2026-07-31,PORT,GNGV,capesize,6.15,10,False,8.885271742772051,685.1256561704948
2026-08-01,PORT,GNGV,capesize,5.52,9,False,5.190058981233359,597.2252481544682
2026-08-02,PORT,GNGV,capesize,5.62,10,False,8.979688817893134,460.3024253486705
2026-08-03,PORT,GNGV,capesize,5.61,11,False,11.824976400001303,553.8247891861207
2026-08-04,PORT,GNGV,capesize,6.09,12,False,7.616426154747327,573.8401285326722
2026-08-05,PORT,GNGV,capesize,5.75,11,False,9.22757754559338,660.8233244740196
2026-08-06,PORT,GNGV,capesize,5.04,12,False,6.837669704995284,538.2291589607162
2026-08-07,PORT,GNGV,capesize,5.41,12,False,6.389757046433784,507.85381984716355
2026-08-08,PORT,GNGV,capesize,5.56,10,False,9.03332200258542,678.0639728104558
2026-08-09,PORT,GNGV,capesize,5.65,9,False,16.66796767199469,573.6813220183258
2026-08-10,PORT,GNGV,capesize,5.36,8,False,8.16762508975131,597.5506476736691
2026-08-11,PORT,GNGV,capesize,5.17,9,False,6.842259562262592,448.35294278647814
2026-08-12,PORT,GNGV,capesize,5.57,9,False,11.277701864324674,470.7183215617164
2026-08-13,PORT,GNGV,capesize,5.92,13,False,10.951556790017548,549.3890900381006
2026-08-14,PORT,GNGV,capesize,5.78,14,False,10.18423112452223,558.2667705526875
2026-08-15,PORT,GNGV,capesize,5.95,10,False,12.69851511660688,586.0103893739373
2026-08-16,PORT,GNGV,capesize,6.49,15,False,10.42627207860019,635.1381075714971
2026-08-17,PORT,GNGV,capesize,6.07,9,False,13.12536601727476,575.3012677199996
2026-08-18,PORT,GNGV,capesize,5.68,11,False,9.31332312172785,439.9290845761742
2026-08-19,PORT,GNGV,capesize,5.43,11,False,10.552085242030852,509.9020504171288
2026-08-20,PORT,GNGV,capesize,6.52,10,False,11.466432249615895,572.7570492397053
2026-08-21,PORT,GNGV,capesize,5.79,9,False,9.47606911886595,572.0630153374796
2026-08-22,PORT,GNGV,capesize,6.13,11,False,12.139065131901628,576.1659781245057
2026-08-23,PORT,GNGV,capesize,5.66,17,False,12.108356120796191,546.5441911006317
2026-08-24,PORT,GNGV,capesize,5.91,12,False,10.206761174286441,581.0035894107082
2026-08-25,PORT,GNGV,capesize,6.77,10,False,14.317157920779565,554.5682072222411
2026-08-26,PORT,GNGV,capesize,5.83,13,False,6.718606675796887,569.0879281257774
2026-08-27,PORT,GNGV,capesize,6.01,12,False,15.582643530613563,582.2345670206992
2026-08-28,PORT,GNGV,capesize,6.12,14,False,24.3438922983737,570.0667697902492
2026-07-24,PORT,GNGV,handysize,12.75,7,False,6.79699634246725,650.1580325409932
2026-07-25,PORT,GNGV,handysize,11.35,7,False,10.175174417777002,643.6993625429313
2026-07-26,PORT,GNGV,handysize,12.09,8,False,19.348295574484833,666.3491743004884
2026-07-27,PORT,GNGV,handysize,13.52,7,False,8.878927284268165,625.3830005804758
2026-07-28,PORT,GNGV,handysize,12.05,8,False,9.908620033522464,600.2245213927703
2026-07-29,PORT,GNGV,handysize,12.67,9,False,9.119876385109578,615.7003025948536
2026-07-30,PORT,GNGV,handysize,12.93,9,False,7.886863980473465,801.9233444630702
2026-07-31,PORT,GNGV,handysize,12.21,10,False,8.885271742772051,685.1256561704948
2026-08-01,PORT,GNGV,handysize,10.95,9,False,5.190058981233359,597.2252481544682
2026-08-02,PORT,GNGV,handysize,11.05,10,False,8.979688817893134,460.3024253486705
2026-08-03,PORT,GNGV,handysize,11.11,11,False,11.824976400001303,553.8247891861207
2026-08-04,PORT,GNGV,handysize,12.03,12,False,7.616426154747327,573.8401285326722
2026-08-05,PORT,GNGV,handysize,11.42,11,False,9.22757754559338,660.8233244740196
2026-08-06,PORT,GNGV,handysize,10.0,12,False,6.837669704995284,538.2291589607162
2026-08-07,PORT,GNGV,handysize,10.68,12,False,6.389757046433784,507.85381984716355
2026-08-08,PORT,GNGV,handysize,11.07,10,False,9.03332200258542,678.0639728104558
2026-08-09,PORT,GNGV,handysize,11.18,9,False,16.66796767199469,573.6813220183258
2026-08-10,PORT,GNGV,handysize,10.64,8,False,8.16762508975131,597.5506476736691
2026-08-11,PORT,GNGV,handysize,10.19,9,False,6.842259562262592,448.35294278647814
2026-08-12,PORT,GNGV,handysize,10.97,9,False,11.277701864324674,470.7183215617164
2026-08-13,PORT,GNGV,handysize,11.69,13,False,10.951556790017548,549.3890900381006
2026-08-14,PORT,GNGV,handysize,11.42,14,False,10.18423112452223,558.2667705526875
2026-08-15,PORT,GNGV,handysize,11.77,10,False,12.69851511660688,586.0103893739373
2026-08-16,PORT,GNGV,handysize,12.84,15,False,10.42627207860019,635.1381075714971
2026-08-17,PORT,GNGV,handysize,11.99,9,False,13.12536601727476,575.3012677199996
2026-08-18,PORT,GNGV,handysize,11.17,11,False,9.31332312172785,439.9290845761742
2026-08-19,PORT,GNGV,handysize,10.73,11,False,10.552085242030852,509.9020504171288
2026-08-20,PORT,GNGV,handysize,12.87,10,False,11.466432249615895,572.7570492397053
2026-08-21,PORT,GNGV,handysize,11.46,9,False,9.47606911886595,572.0630153374796
2026-08-22,PORT,GNGV,handysize,12.11,11,False,12.139065131901628,576.1659781245057
2026-08-23,PORT,GNGV,handysize,11.19,17,False,12.108356120796191,546.5441911006317
2026-08-24,PORT,GNGV,handysize,11.69,12,False,10.206761174286441,581.0035894107082
2026-08-25,PORT,GNGV,handysize,13.32,10,False,14.317157920779565,554.5682072222411
2026-08-26,PORT,GNGV,handysize,11.52,13,False,6.718606675796887,569.0879281257774
2026-08-27,PORT,GNGV,handysize,11.88,12,False,15.582643530613563,582.2345670206992
2026-08-28,PORT,GNGV,handysize,12.08,14,False,24.3438922983737,570.0667697902492
2026-07-24,PORT,GNGV,panamax,8.62,7,False,6.79699634246725,650.1580325409932
2026-07-25,PORT,GNGV,panamax,7.67,7,False,10.175174417777002,643.6993625429313
2026-07-26,PORT,GNGV,panamax,8.17,8,False,19.348295574484833,666.3491743004884
2026-07-27,PORT,GNGV,panamax,9.16,7,False,8.878927284268165,625.3830005804758
2026-07-28,PORT,GNGV,panamax,8.16,8,False,9.908620033522464,600.2245213927703
2026-07-29,PORT,GNGV,panamax,8.59,9,False,9.119876385109578,615.7003025948536
2026-07-30,PORT,GNGV,panamax,8.71,9,False,7.886863980473465,801.9233444630702
2026-07-31,PORT,GNGV,panamax,8.25,10,False,8.885271742772051,685.1256561704948
2026-08-01,PORT,GNGV,panamax,7.4,9,False,5.190058981233359,597.2252481544682
2026-08-02,PORT,GNGV,panamax,7.51,10,False,8.979688817893134,460.3024253486705
2026-08-03,PORT,GNGV,panamax,7.52,11,False,11.824976400001303,553.8247891861207
2026-08-04,PORT,GNGV,panamax,8.15,12,False,7.616426154747327,573.8401285326722
2026-08-05,PORT,GNGV,panamax,7.72,11,False,9.22757754559338,660.8233244740196
2026-08-06,PORT,GNGV,panamax,6.77,12,False,6.837669704995284,538.2291589607162
2026-08-07,PORT,GNGV,panamax,7.25,12,False,6.389757046433784,507.85381984716355
2026-08-08,PORT,GNGV,panamax,7.47,10,False,9.03332200258542,678.0639728104558
2026-08-09,PORT,GNGV,panamax,7.57,9,False,16.66796767199469,573.6813220183258
2026-08-10,PORT,GNGV,panamax,7.19,8,False,8.16762508975131,597.5506476736691
2026-08-11,PORT,GNGV,panamax,6.93,9,False,6.842259562262592,448.35294278647814
2026-08-12,PORT,GNGV,panamax,7.45,9,False,11.277701864324674,470.7183215617164
2026-08-13,PORT,GNGV,panamax,7.92,13,False,10.951556790017548,549.3890900381006
2026-08-14,PORT,GNGV,panamax,7.74,14,False,10.18423112452223,558.2667705526875
2026-08-15,PORT,GNGV,panamax,7.97,10,False,12.69851511660688,586.0103893739373
2026-08-16,PORT,GNGV,panamax,8.69,15,False,10.42627207860019,635.1381075714971
2026-08-17,PORT,GNGV,panamax,8.13,9,False,13.12536601727476,575.3012677199996
2026-08-18,PORT,GNGV,panamax,7.6,11,False,9.31332312172785,439.9290845761742
2026-08-19,PORT,GNGV,panamax,7.28,11,False,10.552085242030852,509.9020504171288
2026-08-20,PORT,GNGV,panamax,8.73,10,False,11.466432249615895,572.7570492397053
2026-08-21,PORT,GNGV,panamax,7.76,9,False,9.47606911886595,572.0630153374796
2026-08-22,PORT,GNGV,panamax,8.2,11,False,12.139065131901628,576.1659781245057
2026-08-23,PORT,GNGV,panamax,7.58,17,False,12.108356120796191,546.5441911006317
2026-08-24,PORT,GNGV,panamax,7.91,12,False,10.206761174286441,581.0035894107082
2026-08-25,PORT,GNGV,panamax,9.04,10,False,14.317157920779565,554.5682072222411
2026-08-26,PORT,GNGV,panamax,7.81,13,False,6.718606675796887,569.0879281257774
2026-08-27,PORT,GNGV,panamax,8.05,12,False,15.582643530613563,582.2345670206992
2026-08-28,PORT,GNGV,panamax,8.19,14,False,24.3438922983737,570.0667697902492
2026-07-24,PORT,GNGV,supramax,9.39,7,False,6.79699634246725,650.1580325409932
2026-07-25,PORT,GNGV,supramax,8.36,7,False,10.175174417777002,643.6993625429313
2026-07-26,PORT,GNGV,supramax,8.9,8,False,19.348295574484833,666.3491743004884
2026-07-27,PORT,GNGV,supramax,9.98,7,False,8.878927284268165,625.3830005804758
2026-07-28,PORT,GNGV,supramax,8.89,8,False,9.908620033522464,600.2245213927703
2026-07-29,PORT,GNGV,supramax,9.35,9,False,9.119876385109578,615.7003025948536
2026-07-30,PORT,GNGV,supramax,9.51,9,False,7.886863980473465,801.9233444630702
2026-07-31,PORT,GNGV,supramax,9.0,10,False,8.885271742772051,685.1256561704948
2026-08-01,PORT,GNGV,supramax,8.06,9,False,5.190058981233359,597.2252481544682
2026-08-02,PORT,GNGV,supramax,8.17,10,False,8.979688817893134,460.3024253486705
2026-08-03,PORT,GNGV,supramax,8.19,11,False,11.824976400001303,553.8247891861207
2026-08-04,PORT,GNGV,supramax,8.88,12,False,7.616426154747327,573.8401285326722
2026-08-05,PORT,GNGV,supramax,8.41,11,False,9.22757754559338,660.8233244740196
2026-08-06,PORT,GNGV,supramax,7.37,12,False,6.837669704995284,538.2291589607162
2026-08-07,PORT,GNGV,supramax,7.88,12,False,6.389757046433784,507.85381984716355
2026-08-08,PORT,GNGV,supramax,8.14,10,False,9.03332200258542,678.0639728104558
2026-08-09,PORT,GNGV,supramax,8.24,9,False,16.66796767199469,573.6813220183258
2026-08-10,PORT,GNGV,supramax,7.84,8,False,8.16762508975131,597.5506476736691
2026-08-11,PORT,GNGV,supramax,7.53,9,False,6.842259562262592,448.35294278647814
2026-08-12,PORT,GNGV,supramax,8.1,9,False,11.277701864324674,470.7183215617164
2026-08-13,PORT,GNGV,supramax,8.62,13,False,10.951556790017548,549.3890900381006
2026-08-14,PORT,GNGV,supramax,8.42,14,False,10.18423112452223,558.2667705526875
2026-08-15,PORT,GNGV,supramax,8.68,10,False,12.69851511660688,586.0103893739373
2026-08-16,PORT,GNGV,supramax,9.46,15,False,10.42627207860019,635.1381075714971
2026-08-17,PORT,GNGV,supramax,8.85,9,False,13.12536601727476,575.3012677199996
2026-08-18,PORT,GNGV,supramax,8.26,11,False,9.31332312172785,439.9290845761742
2026-08-19,PORT,GNGV,supramax,7.92,11,False,10.552085242030852,509.9020504171288
2026-08-20,PORT,GNGV,supramax,9.5,10,False,11.466432249615895,572.7570492397053
2026-08-21,PORT,GNGV,supramax,8.45,9,False,9.47606911886595,572.0630153374796
2026-08-22,PORT,GNGV,supramax,8.93,11,False,12.139065131901628,576.1659781245057
2026-08-23,PORT,GNGV,supramax,8.25,17,False,12.108356120796191,546.5441911006317
2026-08-24,PORT,GNGV,supramax,8.62,12,False,10.206761174286441,581.0035894107082
2026-08-25,PORT,GNGV,supramax,9.84,10,False,14.317157920779565,554.5682072222411
2026-08-26,PORT,GNGV,supramax,8.5,13,False,6.718606675796887,569.0879281257774
2026-08-27,PORT,GNGV,supramax,8.76,12,False,15.582643530613563,582.2345670206992
2026-08-28,PORT,GNGV,supramax,8.91,14,False,24.3438922983737,570.0667697902492
2026-07-24,PORT,PRDP,capesize,6.52,14,False,6.79699634246725,650.1580325409932
2026-07-25,PORT,PRDP,capesize,5.79,13,False,10.175174417777002,643.6993625429313
2026-07-26,PORT,PRDP,capesize,6.17,15,False,19.348295574484833,666.3491743004884
2026-07-27,PORT,PRDP,capesize,6.93,20,False,8.878927284268165,625.3830005804758
2026-07-28,PORT,PRDP,capesize,6.17,14,False,9.908620033522464,600.2245213927703
2026-07-29,PORT,PRDP,capesize,6.49,14,False,9.119876385109578,615.7003025948536
2026-07-30,PORT,PRDP,capesize,6.57,18,False,7.886863980473465,801.9233444630702
2026-07-31,PORT,PRDP,capesize,6.23,19,False,8.885271742772051,685.1256561704948
2026-08-01,PORT,PRDP,capesize,5.59,19,False,5.190058981233359,597.2252481544682
2026-08-02,PORT,PRDP,capesize,5.68,22,False,8.979688817893134,460.3024253486705
2026-08-03,PORT,PRDP,capesize,5.68,21,False,11.824976400001303,553.8247891861207
2026-08-04,PORT,PRDP,capesize,6.16,19,False,7.616426154747327,573.8401285326722
2026-08-05,PORT,PRDP,capesize,5.82,19,False,9.22757754559338,660.8233244740196
2026-08-06,PORT,PRDP,capesize,5.11,17,False,6.837669704995284,538.2291589607162
2026-08-07,PORT,PRDP,capesize,5.47,18,False,6.389757046433784,507.85381984716355
2026-08-08,PORT,PRDP,capesize,5.63,15,False,9.03332200258542,678.0639728104558
2026-08-09,PORT,PRDP,capesize,5.72,18,False,16.66796767199469,573.6813220183258
2026-08-10,PORT,PRDP,capesize,5.43,17,False,8.16762508975131,597.5506476736691
2026-08-11,PORT,PRDP,capesize,5.24,16,False,6.842259562262592,448.35294278647814
2026-08-12,PORT,PRDP,capesize,5.64,19,False,11.277701864324674,470.7183215617164
2026-08-13,PORT,PRDP,capesize,5.99,15,False,10.951556790017548,549.3890900381006
2026-08-14,PORT,PRDP,capesize,5.85,16,False,10.18423112452223,558.2667705526875
2026-08-15,PORT,PRDP,capesize,6.03,14,False,12.69851511660688,586.0103893739373
2026-08-16,PORT,PRDP,capesize,6.57,17,False,10.42627207860019,635.1381075714971
2026-08-17,PORT,PRDP,capesize,6.15,21,False,13.12536601727476,575.3012677199996
2026-08-18,PORT,PRDP,capesize,5.75,18,False,9.31332312172785,439.9290845761742
2026-08-19,PORT,PRDP,capesize,5.5,16,False,10.552085242030852,509.9020504171288
2026-08-20,PORT,PRDP,capesize,6.6,16,False,11.466432249615895,572.7570492397053
2026-08-21,PORT,PRDP,capesize,5.86,18,False,9.47606911886595,572.0630153374796
2026-08-22,PORT,PRDP,capesize,6.2,17,False,12.139065131901628,576.1659781245057
2026-08-23,PORT,PRDP,capesize,5.73,20,False,12.108356120796191,546.5441911006317
2026-08-24,PORT,PRDP,capesize,5.98,18,False,10.206761174286441,581.0035894107082
2026-08-25,PORT,PRDP,capesize,6.85,16,False,14.317157920779565,554.5682072222411
2026-08-26,PORT,PRDP,capesize,5.9,16,False,6.718606675796887,569.0879281257774
2026-08-27,PORT,PRDP,capesize,6.08,17,False,15.582643530613563,582.2345670206992
2026-08-28,PORT,PRDP,capesize,6.19,17,False,24.3438922983737,570.0667697902492
2026-07-24,PORT,PRDP,handysize,12.91,14,False,6.79699634246725,650.1580325409932
2026-07-25,PORT,PRDP,handysize,11.5,13,False,10.175174417777002,643.6993625429313
2026-07-26,PORT,PRDP,handysize,12.24,15,False,19.348295574484833,666.3491743004884
2026-07-27,PORT,PRDP,handysize,13.69,20,False,8.878927284268165,625.3830005804758
2026-07-28,PORT,PRDP,handysize,12.2,14,False,9.908620033522464,600.2245213927703
2026-07-29,PORT,PRDP,handysize,12.83,14,False,9.119876385109578,615.7003025948536
2026-07-30,PORT,PRDP,handysize,13.1,18,False,7.886863980473465,801.9233444630702
2026-07-31,PORT,PRDP,handysize,12.37,19,False,8.885271742772051,685.1256561704948
2026-08-01,PORT,PRDP,handysize,11.09,19,False,5.190058981233359,597.2252481544682
2026-08-02,PORT,PRDP,handysize,11.19,22,False,8.979688817893134,460.3024253486705
2026-08-03,PORT,PRDP,handysize,11.24,21,False,11.824976400001303,553.8247891861207
2026-08-04,PORT,PRDP,handysize,12.18,19,False,7.616426154747327,573.8401285326722
2026-08-05,PORT,PRDP,handysize,11.57,19,False,9.22757754559338,660.8233244740196
2026-08-06,PORT,PRDP,handysize,10.12,17,False,6.837669704995284,538.2291589607162
2026-08-07,PORT,PRDP,handysize,10.81,18,False,6.389757046433784,507.85381984716355
2026-08-08,PORT,PRDP,handysize,11.22,15,False,9.03332200258542,678.0639728104558
2026-08-09,PORT,PRDP,handysize,11.32,18,False,16.66796767199469,573.6813220183258
2026-08-10,PORT,PRDP,handysize,10.78,17,False,8.16762508975131,597.5506476736691
2026-08-11,PORT,PRDP,handysize,10.32,16,False,6.842259562262592,448.35294278647814
2026-08-12,PORT,PRDP,handysize,11.1,19,False,11.277701864324674,470.7183215617164
2026-08-13,PORT,PRDP,handysize,11.83,15,False,10.951556790017548,549.3890900381006
2026-08-14,PORT,PRDP,handysize,11.57,16,False,10.18423112452223,558.2667705526875
2026-08-15,PORT,PRDP,handysize,11.92,14,False,12.69851511660688,586.0103893739373
2026-08-16,PORT,PRDP,handysize,13.0,17,False,10.42627207860019,635.1381075714971
2026-08-17,PORT,PRDP,handysize,12.15,21,False,13.12536601727476,575.3012677199996
2026-08-18,PORT,PRDP,handysize,11.31,18,False,9.31332312172785,439.9290845761742
2026-08-19,PORT,PRDP,handysize,10.86,16,False,10.552085242030852,509.9020504171288
2026-08-20,PORT,PRDP,handysize,13.03,16,False,11.466432249615895,572.7570492397053
2026-08-21,PORT,PRDP,handysize,11.6,18,False,9.47606911886595,572.0630153374796
2026-08-22,PORT,PRDP,handysize,12.26,17,False,12.139065131901628,576.1659781245057
2026-08-23,PORT,PRDP,handysize,11.33,20,False,12.108356120796191,546.5441911006317
2026-08-24,PORT,PRDP,handysize,11.83,18,False,10.206761174286441,581.0035894107082
2026-08-25,PORT,PRDP,handysize,13.49,16,False,14.317157920779565,554.5682072222411
2026-08-26,PORT,PRDP,handysize,11.67,16,False,6.718606675796887,569.0879281257774
2026-08-27,PORT,PRDP,handysize,12.03,17,False,15.582643530613563,582.2345670206992
2026-08-28,PORT,PRDP,handysize,12.23,17,False,24.3438922983737,570.0667697902492
2026-07-24,PORT,PRDP,panamax,8.73,14,False,6.79699634246725,650.1580325409932
2026-07-25,PORT,PRDP,panamax,7.76,13,False,10.175174417777002,643.6993625429313
2026-07-26,PORT,PRDP,panamax,8.27,15,False,19.348295574484833,666.3491743004884
2026-07-27,PORT,PRDP,panamax,9.28,20,False,8.878927284268165,625.3830005804758
2026-07-28,PORT,PRDP,panamax,8.26,14,False,9.908620033522464,600.2245213927703
2026-07-29,PORT,PRDP,panamax,8.69,14,False,9.119876385109578,615.7003025948536
2026-07-30,PORT,PRDP,panamax,8.82,18,False,7.886863980473465,801.9233444630702
2026-07-31,PORT,PRDP,panamax,8.36,19,False,8.885271742772051,685.1256561704948
2026-08-01,PORT,PRDP,panamax,7.49,19,False,5.190058981233359,597.2252481544682
2026-08-02,PORT,PRDP,panamax,7.6,22,False,8.979688817893134,460.3024253486705
2026-08-03,PORT,PRDP,panamax,7.61,21,False,11.824976400001303,553.8247891861207
2026-08-04,PORT,PRDP,panamax,8.25,19,False,7.616426154747327,573.8401285326722
2026-08-05,PORT,PRDP,panamax,7.81,19,False,9.22757754559338,660.8233244740196
2026-08-06,PORT,PRDP,panamax,6.85,17,False,6.837669704995284,538.2291589607162
2026-08-07,PORT,PRDP,panamax,7.33,18,False,6.389757046433784,507.85381984716355
2026-08-08,PORT,PRDP,panamax,7.56,15,False,9.03332200258542,678.0639728104558
2026-08-09,PORT,PRDP,panamax,7.66,18,False,16.66796767199469,573.6813220183258
2026-08-10,PORT,PRDP,panamax,7.28,17,False,8.16762508975131,597.5506476736691
2026-08-11,PORT,PRDP,panamax,7.01,16,False,6.842259562262592,448.35294278647814
2026-08-12,PORT,PRDP,panamax,7.54,19,False,11.277701864324674,470.7183215617164
2026-08-13,PORT,PRDP,panamax,8.02,15,False,10.951556790017548,549.3890900381006
2026-08-14,PORT,PRDP,panamax,7.84,16,False,10.18423112452223,558.2667705526875
2026-08-15,PORT,PRDP,panamax,8.07,14,False,12.69851511660688,586.0103893739373
2026-08-16,PORT,PRDP,panamax,8.8,17,False,10.42627207860019,635.1381075714971
2026-08-17,PORT,PRDP,panamax,8.23,21,False,13.12536601727476,575.3012677199996
2026-08-18,PORT,PRDP,panamax,7.69,18,False,9.31332312172785,439.9290845761742
2026-08-19,PORT,PRDP,panamax,7.37,16,False,10.552085242030852,509.9020504171288
2026-08-20,PORT,PRDP,panamax,8.83,16,False,11.466432249615895,572.7570492397053
2026-08-21,PORT,PRDP,panamax,7.86,18,False,9.47606911886595,572.0630153374796
2026-08-22,PORT,PRDP,panamax,8.3,17,False,12.139065131901628,576.1659781245057
2026-08-23,PORT,PRDP,panamax,7.67,20,False,12.108356120796191,546.5441911006317
2026-08-24,PORT,PRDP,panamax,8.01,18,False,10.206761174286441,581.0035894107082
2026-08-25,PORT,PRDP,panamax,9.15,16,False,14.317157920779565,554.5682072222411
2026-08-26,PORT,PRDP,panamax,7.9,16,False,6.718606675796887,569.0879281257774
2026-08-27,PORT,PRDP,panamax,8.15,17,False,15.582643530613563,582.2345670206992
2026-08-28,PORT,PRDP,panamax,8.29,17,False,24.3438922983737,570.0667697902492
2026-07-24,PORT,PRDP,supramax,9.51,14,False,6.79699634246725,650.1580325409932
2026-07-25,PORT,PRDP,supramax,8.46,13,False,10.175174417777002,643.6993625429313
2026-07-26,PORT,PRDP,supramax,9.01,15,False,19.348295574484833,666.3491743004884
2026-07-27,PORT,PRDP,supramax,10.1,20,False,8.878927284268165,625.3830005804758
2026-07-28,PORT,PRDP,supramax,9.0,14,False,9.908620033522464,600.2245213927703
2026-07-29,PORT,PRDP,supramax,9.46,14,False,9.119876385109578,615.7003025948536
2026-07-30,PORT,PRDP,supramax,9.63,18,False,7.886863980473465,801.9233444630702
2026-07-31,PORT,PRDP,supramax,9.11,19,False,8.885271742772051,685.1256561704948
2026-08-01,PORT,PRDP,supramax,8.17,19,False,5.190058981233359,597.2252481544682
2026-08-02,PORT,PRDP,supramax,8.27,22,False,8.979688817893134,460.3024253486705
2026-08-03,PORT,PRDP,supramax,8.29,21,False,11.824976400001303,553.8247891861207
2026-08-04,PORT,PRDP,supramax,8.99,19,False,7.616426154747327,573.8401285326722
2026-08-05,PORT,PRDP,supramax,8.52,19,False,9.22757754559338,660.8233244740196
2026-08-06,PORT,PRDP,supramax,7.46,17,False,6.837669704995284,538.2291589607162
2026-08-07,PORT,PRDP,supramax,7.98,18,False,6.389757046433784,507.85381984716355
2026-08-08,PORT,PRDP,supramax,8.25,15,False,9.03332200258542,678.0639728104558
2026-08-09,PORT,PRDP,supramax,8.34,18,False,16.66796767199469,573.6813220183258
2026-08-10,PORT,PRDP,supramax,7.94,17,False,8.16762508975131,597.5506476736691
2026-08-11,PORT,PRDP,supramax,7.62,16,False,6.842259562262592,448.35294278647814
2026-08-12,PORT,PRDP,supramax,8.2,19,False,11.277701864324674,470.7183215617164
2026-08-13,PORT,PRDP,supramax,8.73,15,False,10.951556790017548,549.3890900381006
2026-08-14,PORT,PRDP,supramax,8.53,16,False,10.18423112452223,558.2667705526875
2026-08-15,PORT,PRDP,supramax,8.79,14,False,12.69851511660688,586.0103893739373
2026-08-16,PORT,PRDP,supramax,9.58,17,False,10.42627207860019,635.1381075714971
2026-08-17,PORT,PRDP,supramax,8.95,21,False,13.12536601727476,575.3012677199996
2026-08-18,PORT,PRDP,supramax,8.36,18,False,9.31332312172785,439.9290845761742
2026-08-19,PORT,PRDP,supramax,8.02,16,False,10.552085242030852,509.9020504171288
2026-08-20,PORT,PRDP,supramax,9.61,16,False,11.466432249615895,572.7570492397053
2026-08-21,PORT,PRDP,supramax,8.56,18,False,9.47606911886595,572.0630153374796
2026-08-22,PORT,PRDP,supramax,9.04,17,False,12.139065131901628,576.1659781245057
2026-08-23,PORT,PRDP,supramax,8.35,20,False,12.108356120796191,546.5441911006317
2026-08-24,PORT,PRDP,supramax,8.72,18,False,10.206761174286441,581.0035894107082
2026-08-25,PORT,PRDP,supramax,9.96,16,False,14.317157920779565,554.5682072222411
2026-08-26,PORT,PRDP,supramax,8.61,16,False,6.718606675796887,569.0879281257774
2026-08-27,PORT,PRDP,supramax,8.87,17,False,15.582643530613563,582.2345670206992
2026-08-28,PORT,PRDP,supramax,9.02,17,False,24.3438922983737,570.0667697902492
2026-07-24,RICH,DHMR,capesize,8.45,8,False,11.432381170282296,650.1580325409932
2026-07-25,RICH,DHMR,capesize,7.51,9,False,15.061732393754577,643.6993625429313
2026-07-26,RICH,DHMR,capesize,8.01,5,False,9.643098702885766,666.3491743004884
2026-07-27,RICH,DHMR,capesize,8.97,10,False,6.97674430872227,625.3830005804758
2026-07-28,RICH,DHMR,capesize,7.99,8,False,16.76129847616539,600.2245213927703
2026-07-29,RICH,DHMR,capesize,8.4,7,False,9.069013388872001,615.7003025948536
2026-07-30,RICH,DHMR,capesize,8.58,7,False,12.744429345045779,801.9233444630702
2026-07-31,RICH,DHMR,capesize,8.1,11,False,9.410432942020384,685.1256561704948
2026-08-01,RICH,DHMR,capesize,7.24,7,False,8.977785756473907,597.2252481544682
2026-08-02,RICH,DHMR,capesize,7.31,8,False,14.232938067438438,460.3024253486705
2026-08-03,RICH,DHMR,capesize,7.35,7,False,6.807746228951461,553.8247891861207
2026-08-04,RICH,DHMR,capesize,7.97,8,False,9.283988457100866,573.8401285326722
2026-08-05,RICH,DHMR,capesize,7.57,6,False,6.3454636039321795,660.8233244740196
2026-08-06,RICH,DHMR,capesize,6.6,6,False,12.104297412500847,538.2291589607162
2026-08-07,RICH,DHMR,capesize,7.06,8,False,8.64005746940169,507.85381984716355
2026-08-08,RICH,DHMR,capesize,7.33,6,False,13.115798332585832,678.0639728104558
2026-08-09,RICH,DHMR,capesize,7.4,7,False,15.299510153023787,573.6813220183258
2026-08-10,RICH,DHMR,capesize,7.04,7,False,7.56762516780945,597.5506476736691
2026-08-11,RICH,DHMR,capesize,6.73,9,False,9.902805456463264,448.35294278647814
2026-08-12,RICH,DHMR,capesize,7.25,9,False,9.215711159377708,470.7183215617164
2026-08-13,RICH,DHMR,capesize,7.74,7,False,13.630827748209429,549.3890900381006
2026-08-14,RICH,DHMR,capesize,7.56,9,False,10.116949517785743,558.2667705526875
2026-08-15,RICH,DHMR,capesize,7.8,9,False,9.561112211471409,586.0103893739373
2026-08-16,RICH,DHMR,capesize,8.51,8,False,15.146045566028777,635.1381075714971
2026-08-17,RICH,DHMR,capesize,7.95,9,False,17.005584879893934,575.3012677199996
2026-08-18,RICH,DHMR,capesize,7.39,10,False,15.403872125319829,439.9290845761742
2026-08-19,RICH,DHMR,capesize,7.09,6,False,8.525084552785001,509.9020504171288
2026-08-20,RICH,DHMR,capesize,8.53,11,False,10.609973199740152,572.7570492397053
2026-08-21,RICH,DHMR,capesize,7.59,6,False,12.780286305681331,572.0630153374796
2026-08-22,RICH,DHMR,capesize,8.02,4,False,10.779710692062416,576.1659781245057
2026-08-23,RICH,DHMR,capesize,7.4,11,False,5.97721255804321,546.5441911006317
2026-08-24,RICH,DHMR,capesize,7.74,6,False,4.909535669475761,581.0035894107082
2026-08-25,RICH,DHMR,capesize,8.84,8,False,8.709898718835843,554.5682072222411
2026-08-26,RICH,DHMR,capesize,7.63,9,False,5.269646473051481,569.0879281257774
2026-08-27,RICH,DHMR,capesize,7.87,7,False,5.597116701312355,582.2345670206992
2026-08-28,RICH,DHMR,capesize,8.0,6,False,9.942533574506454,570.0667697902492
2026-07-24,RICH,DHMR,handysize,16.82,8,False,11.432381170282296,650.1580325409932
2026-07-25,RICH,DHMR,handysize,15.0,9,False,15.061732393754577,643.6993625429313
2026-07-26,RICH,DHMR,handysize,15.98,5,False,9.643098702885766,666.3491743004884
2026-07-27,RICH,DHMR,handysize,17.81,10,False,6.97674430872227,625.3830005804758
2026-07-28,RICH,DHMR,handysize,15.87,8,False,16.76129847616539,600.2245213927703
2026-07-29,RICH,DHMR,handysize,16.69,7,False,9.069013388872001,615.7003025948536
2026-07-30,RICH,DHMR,handysize,17.19,7,False,12.744429345045779,801.9233444630702
2026-07-31,RICH,DHMR,handysize,16.16,11,False,9.410432942020384,685.1256561704948
2026-08-01,RICH,DHMR,handysize,14.44,7,False,8.977785756473907,597.2252481544682
2026-08-02,RICH,DHMR,handysize,14.45,8,False,14.232938067438438,460.3024253486705
2026-08-03,RICH,DHMR,handysize,14.6,7,False,6.807746228951461,553.8247891861207
2026-08-04,RICH,DHMR,handysize,15.82,8,False,9.283988457100866,573.8401285326722
2026-08-05,RICH,DHMR,handysize,15.11,6,False,6.3454636039321795,660.8233244740196
2026-08-06,RICH,DHMR,handysize,13.15,6,False,12.104297412500847,538.2291589607162
2026-08-07,RICH,DHMR,handysize,14.01,8,False,8.64005746940169,507.85381984716355
2026-08-08,RICH,DHMR,handysize,14.67,6,False,13.115798332585832,678.0639728104558
2026-08-09,RICH,DHMR,handysize,14.72,7,False,15.299510153023787,573.6813220183258
2026-08-10,RICH,DHMR,handysize,14.04,7,False,7.56762516780945,597.5506476736691
2026-08-11,RICH,DHMR,handysize,13.33,9,False,9.902805456463264,448.35294278647814
2026-08-12,RICH,DHMR,handysize,14.35,9,False,9.215711159377708,470.7183215617164
2026-08-13,RICH,DHMR,handysize,15.36,7,False,13.630827748209429,549.3890900381006
2026-08-14,RICH,DHMR,handysize,15.02,9,False,10.116949517785743,558.2667705526875
2026-08-15,RICH,DHMR,handysize,15.5,9,False,9.561112211471409,586.0103893739373
2026-08-16,RICH,DHMR,handysize,16.92,8,False,15.146045566028777,635.1381075714971
2026-08-17,RICH,DHMR,handysize,15.78,9,False,17.005584879893934,575.3012677199996
2026-08-18,RICH,DHMR,handysize,14.59,10,False,15.403872125319829,439.9290845761742
2026-08-19,RICH,DHMR,handysize,14.08,6,False,8.525084552785001,509.9020504171288
2026-08-20,RICH,DHMR,handysize,16.91,11,False,10.609973199740152,572.7570492397053
2026-08-21,RICH,DHMR,handysize,15.08,6,False,12.780286305681331,572.0630153374796
2026-08-22,RICH,DHMR,handysize,15.92,4,False,10.779710692062416,576.1659781245057
2026-08-23,RICH,DHMR,handysize,14.71,11,False,5.97721255804321,546.5441911006317
2026-08-24,RICH,DHMR,handysize,15.38,6,False,4.909535669475761,581.0035894107082
2026-08-25,RICH,DHMR,handysize,17.48,8,False,8.709898718835843,554.5682072222411
2026-08-26,RICH,DHMR,handysize,15.16,9,False,5.269646473051481,569.0879281257774
2026-08-27,RICH,DHMR,handysize,15.63,7,False,5.597116701312355,582.2345670206992
2026-08-28,RICH,DHMR,handysize,15.88,6,False,9.942533574506454,570.0667697902492
2026-07-24,RICH,DHMR,panamax,11.3,8,False,11.432381170282296,650.1580325409932
2026-07-25,RICH,DHMR,panamax,10.06,9,False,15.061732393754577,643.6993625429313
2026-07-26,RICH,DHMR,panamax,10.73,5,False,9.643098702885766,666.3491743004884
2026-07-27,RICH,DHMR,panamax,11.98,10,False,6.97674430872227,625.3830005804758
2026-07-28,RICH,DHMR,panamax,10.68,8,False,16.76129847616539,600.2245213927703
2026-07-29,RICH,DHMR,panamax,11.23,7,False,9.069013388872001,615.7003025948536
2026-07-30,RICH,DHMR,panamax,11.5,7,False,12.744429345045779,801.9233444630702
2026-07-31,RICH,DHMR,panamax,10.84,11,False,9.410432942020384,685.1256561704948
2026-08-01,RICH,DHMR,panamax,9.7,7,False,8.977785756473907,597.2252481544682
2026-08-02,RICH,DHMR,panamax,9.76,8,False,14.232938067438438,460.3024253486705
2026-08-03,RICH,DHMR,panamax,9.82,7,False,6.807746228951461,553.8247891861207
2026-08-04,RICH,DHMR,panamax,10.65,8,False,9.283988457100866,573.8401285326722
2026-08-05,RICH,DHMR,panamax,10.14,6,False,6.3454636039321795,660.8233244740196
2026-08-06,RICH,DHMR,panamax,8.84,6,False,12.104297412500847,538.2291589607162
2026-08-07,RICH,DHMR,panamax,9.44,8,False,8.64005746940169,507.85381984716355
2026-08-08,RICH,DHMR,panamax,9.83,6,False,13.115798332585832,678.0639728104558
2026-08-09,RICH,DHMR,panamax,9.9,7,False,15.299510153023787,573.6813220183258
2026-08-10,RICH,DHMR,panamax,9.42,7,False,7.56762516780945,597.5506476736691
2026-08-11,RICH,DHMR,panamax,8.99,9,False,9.902805456463264,448.35294278647814
2026-08-12,RICH,DHMR,panamax,9.68,9,False,9.215711159377708,470.7183215617164
2026-08-13,RICH,DHMR,panamax,10.34,7,False,13.630827748209429,549.3890900381006
2026-08-14,RICH,DHMR,panamax,10.11,9,False,10.116949517785743,558.2667705526875
2026-08-15,RICH,DHMR,panamax,10.42,9,False,9.561112211471409,586.0103893739373
2026-08-16,RICH,DHMR,panamax,11.38,8,False,15.146045566028777,635.1381075714971
2026-08-17,RICH,DHMR,panamax,10.62,9,False,17.005584879893934,575.3012677199996
2026-08-18,RICH,DHMR,panamax,9.85,10,False,15.403872125319829,439.9290845761742
2026-08-19,RICH,DHMR,panamax,9.48,6,False,8.525084552785001,509.9020504171288
2026-08-20,RICH,DHMR,panamax,11.39,11,False,10.609973199740152,572.7570492397053
2026-08-21,RICH,DHMR,panamax,10.14,6,False,12.780286305681331,572.0630153374796
2026-08-22,RICH,DHMR,panamax,10.72,4,False,10.779710692062416,576.1659781245057
2026-08-23,RICH,DHMR,panamax,9.89,11,False,5.97721255804321,546.5441911006317
2026-08-24,RICH,DHMR,panamax,10.35,6,False,4.909535669475761,581.0035894107082
2026-08-25,RICH,DHMR,panamax,11.79,8,False,8.709898718835843,554.5682072222411
2026-08-26,RICH,DHMR,panamax,10.2,9,False,5.269646473051481,569.0879281257774
2026-08-27,RICH,DHMR,panamax,10.52,7,False,5.597116701312355,582.2345670206992
2026-08-28,RICH,DHMR,panamax,10.69,6,False,9.942533574506454,570.0667697902492
2026-07-24,RICH,DHMR,supramax,12.36,8,False,11.432381170282296,650.1580325409932
2026-07-25,RICH,DHMR,supramax,11.01,9,False,15.061732393754577,643.6993625429313
2026-07-26,RICH,DHMR,supramax,11.73,5,False,9.643098702885766,666.3491743004884
2026-07-27,RICH,DHMR,supramax,13.09,10,False,6.97674430872227,625.3830005804758
2026-07-28,RICH,DHMR,supramax,11.67,8,False,16.76129847616539,600.2245213927703
2026-07-29,RICH,DHMR,supramax,12.27,7,False,9.069013388872001,615.7003025948536
2026-07-30,RICH,DHMR,supramax,12.6,7,False,12.744429345045779,801.9233444630702
2026-07-31,RICH,DHMR,supramax,11.86,11,False,9.410432942020384,685.1256561704948
2026-08-01,RICH,DHMR,supramax,10.6,7,False,8.977785756473907,597.2252481544682
2026-08-02,RICH,DHMR,supramax,10.64,8,False,14.232938067438438,460.3024253486705
2026-08-03,RICH,DHMR,supramax,10.73,7,False,6.807746228951461,553.8247891861207
2026-08-04,RICH,DHMR,supramax,11.64,8,False,9.283988457100866,573.8401285326722
2026-08-05,RICH,DHMR,supramax,11.09,6,False,6.3454636039321795,660.8233244740196
2026-08-06,RICH,DHMR,supramax,9.66,6,False,12.104297412500847,538.2291589607162
2026-08-07,RICH,DHMR,supramax,10.31,8,False,8.64005746940169,507.85381984716355
2026-08-08,RICH,DHMR,supramax,10.76,6,False,13.115798332585832,678.0639728104558
2026-08-09,RICH,DHMR,supramax,10.81,7,False,15.299510153023787,573.6813220183258
2026-08-10,RICH,DHMR,supramax,10.31,7,False,7.56762516780945,597.5506476736691
2026-08-11,RICH,DHMR,supramax,9.81,9,False,9.902805456463264,448.35294278647814
2026-08-12,RICH,DHMR,supramax,10.57,9,False,9.215711159377708,470.7183215617164
2026-08-13,RICH,DHMR,supramax,11.29,7,False,13.630827748209429,549.3890900381006
2026-08-14,RICH,DHMR,supramax,11.04,9,False,10.116949517785743,558.2667705526875
2026-08-15,RICH,DHMR,supramax,11.39,9,False,9.561112211471409,586.0103893739373
2026-08-16,RICH,DHMR,supramax,12.43,8,False,15.146045566028777,635.1381075714971
2026-08-17,RICH,DHMR,supramax,11.6,9,False,17.005584879893934,575.3012677199996
2026-08-18,RICH,DHMR,supramax,10.75,10,False,15.403872125319829,439.9290845761742
2026-08-19,RICH,DHMR,supramax,10.36,6,False,8.525084552785001,509.9020504171288
2026-08-20,RICH,DHMR,supramax,12.44,11,False,10.609973199740152,572.7570492397053
2026-08-21,RICH,DHMR,supramax,11.09,6,False,12.780286305681331,572.0630153374796
2026-08-22,RICH,DHMR,supramax,11.71,4,False,10.779710692062416,576.1659781245057
2026-08-23,RICH,DHMR,supramax,10.81,11,False,5.97721255804321,546.5441911006317
2026-08-24,RICH,DHMR,supramax,11.31,6,False,4.909535669475761,581.0035894107082
2026-08-25,RICH,DHMR,supramax,12.87,8,False,8.709898718835843,554.5682072222411
2026-08-26,RICH,DHMR,supramax,11.15,9,False,5.269646473051481,569.0879281257774
2026-08-27,RICH,DHMR,supramax,11.49,7,False,5.597116701312355,582.2345670206992
2026-08-28,RICH,DHMR,supramax,11.68,6,False,9.942533574506454,570.0667697902492
2026-07-24,RICH,PRDP,capesize,8.39,14,False,11.432381170282296,650.1580325409932
2026-07-25,RICH,PRDP,capesize,7.45,13,False,15.061732393754577,643.6993625429313
2026-07-26,RICH,PRDP,capesize,7.95,15,False,9.643098702885766,666.3491743004884
2026-07-27,RICH,PRDP,capesize,8.9,20,False,6.97674430872227,625.3830005804758
2026-07-28,RICH,PRDP,capesize,7.92,14,False,16.76129847616539,600.2245213927703
2026-07-29,RICH,PRDP,capesize,8.34,14,False,9.069013388872001,615.7003025948536
2026-07-30,RICH,PRDP,capesize,8.51,18,False,12.744429345045779,801.9233444630702
2026-07-31,RICH,PRDP,capesize,8.03,19,False,9.410432942020384,685.1256561704948
2026-08-01,RICH,PRDP,capesize,7.18,19,False,8.977785756473907,597.2252481544682
2026-08-02,RICH,PRDP,capesize,7.25,22,False,14.232938067438438,460.3024253486705
2026-08-03,RICH,PRDP,capesize,7.29,21,False,6.807746228951461,553.8247891861207
2026-08-04,RICH,PRDP,capesize,7.91,19,False,9.283988457100866,573.8401285326722
2026-08-05,RICH,PRDP,capesize,7.51,19,False,6.3454636039321795,660.8233244740196
2026-08-06,RICH,PRDP,capesize,6.55,17,False,12.104297412500847,538.2291589607162
2026-08-07,RICH,PRDP,capesize,7.01,18,False,8.64005746940169,507.85381984716355
2026-08-08,RICH,PRDP,capesize,7.27,15,False,13.115798332585832,678.0639728104558
2026-08-09,RICH,PRDP,capesize,7.34,18,False,15.299510153023787,573.6813220183258
2026-08-10,RICH,PRDP,capesize,6.98,17,False,7.56762516780945,597.5506476736691
2026-08-11,RICH,PRDP,capesize,6.68,16,False,9.902805456463264,448.35294278647814
2026-08-12,RICH,PRDP,capesize,7.19,19,False,9.215711159377708,470.7183215617164
2026-08-13,RICH,PRDP,capesize,7.68,15,False,13.630827748209429,549.3890900381006
2026-08-14,RICH,PRDP,capesize,7.5,16,False,10.116949517785743,558.2667705526875
2026-08-15,RICH,PRDP,capesize,7.74,14,False,9.561112211471409,586.0103893739373
2026-08-16,RICH,PRDP,capesize,8.44,17,False,15.146045566028777,635.1381075714971
2026-08-17,RICH,PRDP,capesize,7.88,21,False,17.005584879893934,575.3012677199996
2026-08-18,RICH,PRDP,capesize,7.33,18,False,15.403872125319829,439.9290845761742
2026-08-19,RICH,PRDP,capesize,7.04,16,False,8.525084552785001,509.9020504171288
2026-08-20,RICH,PRDP,capesize,8.46,16,False,10.609973199740152,572.7570492397053
2026-08-21,RICH,PRDP,capesize,7.53,18,False,12.780286305681331,572.0630153374796
2026-08-22,RICH,PRDP,capesize,7.96,17,False,10.779710692062416,576.1659781245057
2026-08-23,RICH,PRDP,capesize,7.34,20,False,5.97721255804321,546.5441911006317
2026-08-24,RICH,PRDP,capesize,7.68,18,False,4.909535669475761,581.0035894107082
2026-08-25,RICH,PRDP,capesize,8.77,16,False,8.709898718835843,554.5682072222411
2026-08-26,RICH,PRDP,capesize,7.57,16,False,5.269646473051481,569.0879281257774
2026-08-27,RICH,PRDP,capesize,7.81,17,False,5.597116701312355,582.2345670206992
2026-08-28,RICH,PRDP,capesize,7.94,17,False,9.942533574506454,570.0667697902492
2026-07-24,RICH,PRDP,handysize,16.69,14,False,11.432381170282296,650.1580325409932
2026-07-25,RICH,PRDP,handysize,14.88,13,False,15.061732393754577,643.6993625429313
2026-07-26,RICH,PRDP,handysize,15.85,15,False,9.643098702885766,666.3491743004884
2026-07-27,RICH,PRDP,handysize,17.66,20,False,6.97674430872227,625.3830005804758
2026-07-28,RICH,PRDP,handysize,15.75,14,False,16.76129847616539,600.2245213927703
2026-07-29,RICH,PRDP,handysize,16.56,14,False,9.069013388872001,615.7003025948536
2026-07-30,RICH,PRDP,handysize,17.05,18,False,12.744429345045779,801.9233444630702
2026-07-31,RICH,PRDP,handysize,16.03,19,False,9.410432942020384,685.1256561704948
2026-08-01,RICH,PRDP,handysize,14.32,19,False,8.977785756473907,597.2252481544682
2026-08-02,RICH,PRDP,handysize,14.34,22,False,14.232938067438438,460.3024253486705
2026-08-03,RICH,PRDP,handysize,14.49,21,False,6.807746228951461,553.8247891861207
2026-08-04,RICH,PRDP,handysize,15.7,19,False,9.283988457100866,573.8401285326722
2026-08-05,RICH,PRDP,handysize,14.99,19,False,6.3454636039321795,660.8233244740196
2026-08-06,RICH,PRDP,handysize,13.05,17,False,12.104297412500847,538.2291589607162
2026-08-07,RICH,PRDP,handysize,13.9,18,False,8.64005746940169,507.85381984716355
2026-08-08,RICH,PRDP,handysize,14.55,15,False,13.115798332585832,678.0639728104558
2026-08-09,RICH,PRDP,handysize,14.6,18,False,15.299510153023787,573.6813220183258
2026-08-10,RICH,PRDP,handysize,13.93,17,False,7.56762516780945,597.5506476736691
2026-08-11,RICH,PRDP,handysize,13.22,16,False,9.902805456463264,448.35294278647814
2026-08-12,RICH,PRDP,handysize,14.24,19,False,9.215711159377708,470.7183215617164
2026-08-13,RICH,PRDP,handysize,15.23,15,False,13.630827748209429,549.3890900381006
2026-08-14,RICH,PRDP,handysize,14.9,16,False,10.116949517785743,558.2667705526875
2026-08-15,RICH,PRDP,handysize,15.38,14,False,9.561112211471409,586.0103893739373
2026-08-16,RICH,PRDP,handysize,16.79,17,False,15.146045566028777,635.1381075714971
2026-08-17,RICH,PRDP,handysize,15.65,21,False,17.005584879893934,575.3012677199996
2026-08-18,RICH,PRDP,handysize,14.48,18,False,15.403872125319829,439.9290845761742
2026-08-19,RICH,PRDP,handysize,13.97,16,False,8.525084552785001,509.9020504171288
2026-08-20,RICH,PRDP,handysize,16.77,16,False,10.609973199740152,572.7570492397053
2026-08-21,RICH,PRDP,handysize,14.96,18,False,12.780286305681331,572.0630153374796
2026-08-22,RICH,PRDP,handysize,15.8,17,False,10.779710692062416,576.1659781245057
2026-08-23,RICH,PRDP,handysize,14.59,20,False,5.97721255804321,546.5441911006317
2026-08-24,RICH,PRDP,handysize,15.26,18,False,4.909535669475761,581.0035894107082
2026-08-25,RICH,PRDP,handysize,17.34,16,False,8.709898718835843,554.5682072222411
2026-08-26,RICH,PRDP,handysize,15.04,16,False,5.269646473051481,569.0879281257774
2026-08-27,RICH,PRDP,handysize,15.51,17,False,5.597116701312355,582.2345670206992
2026-08-28,RICH,PRDP,handysize,15.76,17,False,9.942533574506454,570.0667697902492
2026-07-24,RICH,PRDP,panamax,11.21,14,False,11.432381170282296,650.1580325409932
2026-07-25,RICH,PRDP,panamax,9.98,13,False,15.061732393754577,643.6993625429313
2026-07-26,RICH,PRDP,panamax,10.64,15,False,9.643098702885766,666.3491743004884
2026-07-27,RICH,PRDP,panamax,11.89,20,False,6.97674430872227,625.3830005804758
2026-07-28,RICH,PRDP,panamax,10.59,14,False,16.76129847616539,600.2245213927703
2026-07-29,RICH,PRDP,panamax,11.14,14,False,9.069013388872001,615.7003025948536
2026-07-30,RICH,PRDP,panamax,11.41,18,False,12.744429345045779,801.9233444630702
2026-07-31,RICH,PRDP,panamax,10.76,19,False,9.410432942020384,685.1256561704948
2026-08-01,RICH,PRDP,panamax,9.62,19,False,8.977785756473907,597.2252481544682
2026-08-02,RICH,PRDP,panamax,9.68,22,False,14.232938067438438,460.3024253486705
2026-08-03,RICH,PRDP,panamax,9.75,21,False,6.807746228951461,553.8247891861207
2026-08-04,RICH,PRDP,panamax,10.57,19,False,9.283988457100866,573.8401285326722
2026-08-05,RICH,PRDP,panamax,10.06,19,False,6.3454636039321795,660.8233244740196
2026-08-06,RICH,PRDP,panamax,8.77,17,False,12.104297412500847,538.2291589607162
2026-08-07,RICH,PRDP,panamax,9.37,18,False,8.64005746940169,507.85381984716355
2026-08-08,RICH,PRDP,panamax,9.75,15,False,13.115798332585832,678.0639728104558
2026-08-09,RICH,PRDP,panamax,9.82,18,False,15.299510153023787,573.6813220183258
2026-08-10,RICH,PRDP,panamax,9.35,17,False,7.56762516780945,597.5506476736691
2026-08-11,RICH,PRDP,panamax,8.92,16,False,9.902805456463264,448.35294278647814
2026-08-12,RICH,PRDP,panamax,9.61,19,False,9.215711159377708,470.7183215617164
2026-08-13,RICH,PRDP,panamax,10.26,15,False,13.630827748209429,549.3890900381006
2026-08-14,RICH,PRDP,panamax,10.03,16,False,10.116949517785743,558.2667705526875
2026-08-15,RICH,PRDP,panamax,10.34,14,False,9.561112211471409,586.0103893739373
2026-08-16,RICH,PRDP,panamax,11.29,17,False,15.146045566028777,635.1381075714971
2026-08-17,RICH,PRDP,panamax,10.53,21,False,17.005584879893934,575.3012677199996
2026-08-18,RICH,PRDP,panamax,9.78,18,False,15.403872125319829,439.9290845761742
2026-08-19,RICH,PRDP,panamax,9.41,16,False,8.525084552785001,509.9020504171288
2026-08-20,RICH,PRDP,panamax,11.3,16,False,10.609973199740152,572.7570492397053
2026-08-21,RICH,PRDP,panamax,10.07,18,False,12.780286305681331,572.0630153374796
2026-08-22,RICH,PRDP,panamax,10.63,17,False,10.779710692062416,576.1659781245057
2026-08-23,RICH,PRDP,panamax,9.82,20,False,5.97721255804321,546.5441911006317
2026-08-24,RICH,PRDP,panamax,10.26,18,False,4.909535669475761,581.0035894107082
2026-08-25,RICH,PRDP,panamax,11.69,16,False,8.709898718835843,554.5682072222411
2026-08-26,RICH,PRDP,panamax,10.12,16,False,5.269646473051481,569.0879281257774
2026-08-27,RICH,PRDP,panamax,10.44,17,False,5.597116701312355,582.2345670206992
2026-08-28,RICH,PRDP,panamax,10.61,17,False,9.942533574506454,570.0667697902492
2026-07-24,RICH,PRDP,supramax,12.26,14,False,11.432381170282296,650.1580325409932
2026-07-25,RICH,PRDP,supramax,10.92,13,False,15.061732393754577,643.6993625429313
2026-07-26,RICH,PRDP,supramax,11.64,15,False,9.643098702885766,666.3491743004884
2026-07-27,RICH,PRDP,supramax,12.99,20,False,6.97674430872227,625.3830005804758
2026-07-28,RICH,PRDP,supramax,11.58,14,False,16.76129847616539,600.2245213927703
2026-07-29,RICH,PRDP,supramax,12.18,14,False,9.069013388872001,615.7003025948536
2026-07-30,RICH,PRDP,supramax,12.5,18,False,12.744429345045779,801.9233444630702
2026-07-31,RICH,PRDP,supramax,11.77,19,False,9.410432942020384,685.1256561704948
2026-08-01,RICH,PRDP,supramax,10.52,19,False,8.977785756473907,597.2252481544682
2026-08-02,RICH,PRDP,supramax,10.56,22,False,14.232938067438438,460.3024253486705
2026-08-03,RICH,PRDP,supramax,10.65,21,False,6.807746228951461,553.8247891861207
2026-08-04,RICH,PRDP,supramax,11.54,19,False,9.283988457100866,573.8401285326722
2026-08-05,RICH,PRDP,supramax,11.0,19,False,6.3454636039321795,660.8233244740196
2026-08-06,RICH,PRDP,supramax,9.59,17,False,12.104297412500847,538.2291589607162
2026-08-07,RICH,PRDP,supramax,10.23,18,False,8.64005746940169,507.85381984716355
2026-08-08,RICH,PRDP,supramax,10.67,15,False,13.115798332585832,678.0639728104558
2026-08-09,RICH,PRDP,supramax,10.73,18,False,15.299510153023787,573.6813220183258
2026-08-10,RICH,PRDP,supramax,10.23,17,False,7.56762516780945,597.5506476736691
2026-08-11,RICH,PRDP,supramax,9.74,16,False,9.902805456463264,448.35294278647814
2026-08-12,RICH,PRDP,supramax,10.48,19,False,9.215711159377708,470.7183215617164
2026-08-13,RICH,PRDP,supramax,11.2,15,False,13.630827748209429,549.3890900381006
2026-08-14,RICH,PRDP,supramax,10.96,16,False,10.116949517785743,558.2667705526875
2026-08-15,RICH,PRDP,supramax,11.3,14,False,9.561112211471409,586.0103893739373
2026-08-16,RICH,PRDP,supramax,12.33,17,False,15.146045566028777,635.1381075714971
2026-08-17,RICH,PRDP,supramax,11.51,21,False,17.005584879893934,575.3012677199996
2026-08-18,RICH,PRDP,supramax,10.67,18,False,15.403872125319829,439.9290845761742
2026-08-19,RICH,PRDP,supramax,10.27,16,False,8.525084552785001,509.9020504171288
2026-08-20,RICH,PRDP,supramax,12.34,16,False,10.609973199740152,572.7570492397053
2026-08-21,RICH,PRDP,supramax,11.0,18,False,12.780286305681331,572.0630153374796
2026-08-22,RICH,PRDP,supramax,11.62,17,False,10.779710692062416,576.1659781245057
2026-08-23,RICH,PRDP,supramax,10.73,20,False,5.97721255804321,546.5441911006317
2026-08-24,RICH,PRDP,supramax,11.22,18,False,4.909535669475761,581.0035894107082
2026-08-25,RICH,PRDP,supramax,12.77,16,False,8.709898718835843,554.5682072222411
2026-08-26,RICH,PRDP,supramax,11.06,16,False,5.269646473051481,569.0879281257774
2026-08-27,RICH,PRDP,supramax,11.4,17,False,5.597116701312355,582.2345670206992
2026-08-28,RICH,PRDP,supramax,11.59,17,False,9.942533574506454,570.0667697902492
2026-07-24,RICH,VIZG,capesize,8.32,11,False,11.432381170282296,650.1580325409932
2026-07-25,RICH,VIZG,capesize,7.39,13,False,15.061732393754577,643.6993625429313
2026-07-26,RICH,VIZG,capesize,7.89,11,False,9.643098702885766,666.3491743004884
2026-07-27,RICH,VIZG,capesize,8.83,19,False,6.97674430872227,625.3830005804758
2026-07-28,RICH,VIZG,capesize,7.86,13,False,16.76129847616539,600.2245213927703
2026-07-29,RICH,VIZG,capesize,8.27,15,False,9.069013388872001,615.7003025948536
2026-07-30,RICH,VIZG,capesize,8.44,15,False,12.744429345045779,801.9233444630702
2026-07-31,RICH,VIZG,capesize,7.97,14,False,9.410432942020384,685.1256561704948
2026-08-01,RICH,VIZG,capesize,7.13,12,False,8.977785756473907,597.2252481544682
2026-08-02,RICH,VIZG,capesize,7.2,19,False,14.232938067438438,460.3024253486705
2026-08-03,RICH,VIZG,capesize,7.23,14,False,6.807746228951461,553.8247891861207
2026-08-04,RICH,VIZG,capesize,7.84,15,False,9.283988457100866,573.8401285326722
2026-08-05,RICH,VIZG,capesize,7.45,16,False,6.3454636039321795,660.8233244740196
2026-08-06,RICH,VIZG,capesize,6.5,16,False,12.104297412500847,538.2291589607162
2026-08-07,RICH,VIZG,capesize,6.95,16,False,8.64005746940169,507.85381984716355
2026-08-08,RICH,VIZG,capesize,7.21,13,False,13.115798332585832,678.0639728104558
2026-08-09,RICH,VIZG,capesize,7.28,15,False,15.299510153023787,573.6813220183258
2026-08-10,RICH,VIZG,capesize,6.92,15,False,7.56762516780945,597.5506476736691
2026-08-11,RICH,VIZG,capesize,6.63,14,False,9.902805456463264,448.35294278647814
2026-08-12,RICH,VIZG,capesize,7.14,15,False,9.215711159377708,470.7183215617164
2026-08-13,RICH,VIZG,capesize,7.62,16,False,13.630827748209429,549.3890900381006
2026-08-14,RICH,VIZG,capesize,7.44,15,False,10.116949517785743,558.2667705526875
2026-08-15,RICH,VIZG,capesize,7.67,15,False,9.561112211471409,586.0103893739373
2026-08-16,RICH,VIZG,capesize,8.38,15,False,15.146045566028777,635.1381075714971
2026-08-17,RICH,VIZG,capesize,7.82,27,False,17.005584879893934,575.3012677199996
2026-08-18,RICH,VIZG,capesize,7.27,19,False,15.403872125319829,439.9290845761742
2026-08-19,RICH,VIZG,capesize,6.98,9,False,8.525084552785001,509.9020504171288
2026-08-20,RICH,VIZG,capesize,8.4,14,False,10.609973199740152,572.7570492397053
2026-08-21,RICH,VIZG,capesize,7.47,12,False,12.780286305681331,572.0630153374796
2026-08-22,RICH,VIZG,capesize,7.9,15,False,10.779710692062416,576.1659781245057
2026-08-23,RICH,VIZG,capesize,7.29,13,False,5.97721255804321,546.5441911006317
2026-08-24,RICH,VIZG,capesize,7.62,12,False,4.909535669475761,581.0035894107082
2026-08-25,RICH,VIZG,capesize,8.7,12,False,8.709898718835843,554.5682072222411
2026-08-26,RICH,VIZG,capesize,7.51,13,False,5.269646473051481,569.0879281257774
2026-08-27,RICH,VIZG,capesize,7.75,12,False,5.597116701312355,582.2345670206992
2026-08-28,RICH,VIZG,capesize,7.88,13,False,9.942533574506454,570.0667697902492
2026-07-24,RICH,VIZG,handysize,16.55,11,False,11.432381170282296,650.1580325409932
2026-07-25,RICH,VIZG,handysize,14.76,13,False,15.061732393754577,643.6993625429313
2026-07-26,RICH,VIZG,handysize,15.72,11,False,9.643098702885766,666.3491743004884
2026-07-27,RICH,VIZG,handysize,17.52,19,False,6.97674430872227,625.3830005804758
2026-07-28,RICH,VIZG,handysize,15.62,13,False,16.76129847616539,600.2245213927703
2026-07-29,RICH,VIZG,handysize,16.43,15,False,9.069013388872001,615.7003025948536
2026-07-30,RICH,VIZG,handysize,16.91,15,False,12.744429345045779,801.9233444630702
2026-07-31,RICH,VIZG,handysize,15.9,14,False,9.410432942020384,685.1256561704948
2026-08-01,RICH,VIZG,handysize,14.21,12,False,8.977785756473907,597.2252481544682
2026-08-02,RICH,VIZG,handysize,14.23,19,False,14.232938067438438,460.3024253486705
2026-08-03,RICH,VIZG,handysize,14.37,14,False,6.807746228951461,553.8247891861207
2026-08-04,RICH,VIZG,handysize,15.57,15,False,9.283988457100866,573.8401285326722
2026-08-05,RICH,VIZG,handysize,14.87,16,False,6.3454636039321795,660.8233244740196
2026-08-06,RICH,VIZG,handysize,12.94,16,False,12.104297412500847,538.2291589607162
2026-08-07,RICH,VIZG,handysize,13.79,16,False,8.64005746940169,507.85381984716355
2026-08-08,RICH,VIZG,handysize,14.43,13,False,13.115798332585832,678.0639728104558
2026-08-09,RICH,VIZG,handysize,14.48,15,False,15.299510153023787,573.6813220183258
2026-08-10,RICH,VIZG,handysize,13.82,15,False,7.56762516780945,597.5506476736691
2026-08-11,RICH,VIZG,handysize,13.12,14,False,9.902805456463264,448.35294278647814
2026-08-12,RICH,VIZG,handysize,14.13,15,False,9.215711159377708,470.7183215617164
2026-08-13,RICH,VIZG,handysize,15.11,16,False,13.630827748209429,549.3890900381006
2026-08-14,RICH,VIZG,handysize,14.78,15,False,10.116949517785743,558.2667705526875
2026-08-15,RICH,VIZG,handysize,15.25,15,False,9.561112211471409,586.0103893739373
2026-08-16,RICH,VIZG,handysize,16.65,15,False,15.146045566028777,635.1381075714971
2026-08-17,RICH,VIZG,handysize,15.53,27,False,17.005584879893934,575.3012677199996
2026-08-18,RICH,VIZG,handysize,14.37,19,False,15.403872125319829,439.9290845761742
2026-08-19,RICH,VIZG,handysize,13.86,9,False,8.525084552785001,509.9020504171288
2026-08-20,RICH,VIZG,handysize,16.64,14,False,10.609973199740152,572.7570492397053
2026-08-21,RICH,VIZG,handysize,14.84,12,False,12.780286305681331,572.0630153374796
2026-08-22,RICH,VIZG,handysize,15.67,15,False,10.779710692062416,576.1659781245057
2026-08-23,RICH,VIZG,handysize,14.47,13,False,5.97721255804321,546.5441911006317
2026-08-24,RICH,VIZG,handysize,15.14,12,False,4.909535669475761,581.0035894107082
2026-08-25,RICH,VIZG,handysize,17.21,12,False,8.709898718835843,554.5682072222411
2026-08-26,RICH,VIZG,handysize,14.92,13,False,5.269646473051481,569.0879281257774
2026-08-27,RICH,VIZG,handysize,15.39,12,False,5.597116701312355,582.2345670206992
2026-08-28,RICH,VIZG,handysize,15.63,13,False,9.942533574506454,570.0667697902492
2026-07-24,RICH,VIZG,panamax,11.12,11,False,11.432381170282296,650.1580325409932
2026-07-25,RICH,VIZG,panamax,9.91,13,False,15.061732393754577,643.6993625429313
2026-07-26,RICH,VIZG,panamax,10.56,11,False,9.643098702885766,666.3491743004884
2026-07-27,RICH,VIZG,panamax,11.8,19,False,6.97674430872227,625.3830005804758
2026-07-28,RICH,VIZG,panamax,10.51,13,False,16.76129847616539,600.2245213927703
2026-07-29,RICH,VIZG,panamax,11.06,15,False,9.069013388872001,615.7003025948536
2026-07-30,RICH,VIZG,panamax,11.32,15,False,12.744429345045779,801.9233444630702
2026-07-31,RICH,VIZG,panamax,10.67,14,False,9.410432942020384,685.1256561704948
2026-08-01,RICH,VIZG,panamax,9.54,12,False,8.977785756473907,597.2252481544682
2026-08-02,RICH,VIZG,panamax,9.61,19,False,14.232938067438438,460.3024253486705
2026-08-03,RICH,VIZG,panamax,9.67,14,False,6.807746228951461,553.8247891861207
2026-08-04,RICH,VIZG,panamax,10.48,15,False,9.283988457100866,573.8401285326722
2026-08-05,RICH,VIZG,panamax,9.98,16,False,6.3454636039321795,660.8233244740196
2026-08-06,RICH,VIZG,panamax,8.7,16,False,12.104297412500847,538.2291589607162
2026-08-07,RICH,VIZG,panamax,9.29,16,False,8.64005746940169,507.85381984716355
2026-08-08,RICH,VIZG,panamax,9.67,13,False,13.115798332585832,678.0639728104558
2026-08-09,RICH,VIZG,panamax,9.74,15,False,15.299510153023787,573.6813220183258
2026-08-10,RICH,VIZG,panamax,9.28,15,False,7.56762516780945,597.5506476736691
2026-08-11,RICH,VIZG,panamax,8.85,14,False,9.902805456463264,448.35294278647814
2026-08-12,RICH,VIZG,panamax,9.53,15,False,9.215711159377708,470.7183215617164
2026-08-13,RICH,VIZG,panamax,10.18,16,False,13.630827748209429,549.3890900381006
2026-08-14,RICH,VIZG,panamax,9.95,15,False,10.116949517785743,558.2667705526875
2026-08-15,RICH,VIZG,panamax,10.26,15,False,9.561112211471409,586.0103893739373
2026-08-16,RICH,VIZG,panamax,11.2,15,False,15.146045566028777,635.1381075714971
2026-08-17,RICH,VIZG,panamax,10.45,27,False,17.005584879893934,575.3012677199996
2026-08-18,RICH,VIZG,panamax,9.71,19,False,15.403872125319829,439.9290845761742
2026-08-19,RICH,VIZG,panamax,9.34,9,False,8.525084552785001,509.9020504171288
2026-08-20,RICH,VIZG,panamax,11.21,14,False,10.609973199740152,572.7570492397053
2026-08-21,RICH,VIZG,panamax,9.99,12,False,12.780286305681331,572.0630153374796
2026-08-22,RICH,VIZG,panamax,10.55,15,False,10.779710692062416,576.1659781245057
2026-08-23,RICH,VIZG,panamax,9.74,13,False,5.97721255804321,546.5441911006317
2026-08-24,RICH,VIZG,panamax,10.18,12,False,4.909535669475761,581.0035894107082
2026-08-25,RICH,VIZG,panamax,11.6,12,False,8.709898718835843,554.5682072222411
2026-08-26,RICH,VIZG,panamax,10.04,13,False,5.269646473051481,569.0879281257774
2026-08-27,RICH,VIZG,panamax,10.35,12,False,5.597116701312355,582.2345670206992
2026-08-28,RICH,VIZG,panamax,10.53,13,False,9.942533574506454,570.0667697902492
2026-07-24,RICH,VIZG,supramax,12.16,11,False,11.432381170282296,650.1580325409932
2026-07-25,RICH,VIZG,supramax,10.83,13,False,15.061732393754577,643.6993625429313
2026-07-26,RICH,VIZG,supramax,11.54,11,False,9.643098702885766,666.3491743004884
2026-07-27,RICH,VIZG,supramax,12.89,19,False,6.97674430872227,625.3830005804758
2026-07-28,RICH,VIZG,supramax,11.48,13,False,16.76129847616539,600.2245213927703
2026-07-29,RICH,VIZG,supramax,12.08,15,False,9.069013388872001,615.7003025948536
2026-07-30,RICH,VIZG,supramax,12.4,15,False,12.744429345045779,801.9233444630702
2026-07-31,RICH,VIZG,supramax,11.67,14,False,9.410432942020384,685.1256561704948
2026-08-01,RICH,VIZG,supramax,10.43,12,False,8.977785756473907,597.2252481544682
2026-08-02,RICH,VIZG,supramax,10.48,19,False,14.232938067438438,460.3024253486705
2026-08-03,RICH,VIZG,supramax,10.56,14,False,6.807746228951461,553.8247891861207
2026-08-04,RICH,VIZG,supramax,11.45,15,False,9.283988457100866,573.8401285326722
2026-08-05,RICH,VIZG,supramax,10.91,16,False,6.3454636039321795,660.8233244740196
2026-08-06,RICH,VIZG,supramax,9.51,16,False,12.104297412500847,538.2291589607162
2026-08-07,RICH,VIZG,supramax,10.15,16,False,8.64005746940169,507.85381984716355
2026-08-08,RICH,VIZG,supramax,10.58,13,False,13.115798332585832,678.0639728104558
2026-08-09,RICH,VIZG,supramax,10.64,15,False,15.299510153023787,573.6813220183258
2026-08-10,RICH,VIZG,supramax,10.15,15,False,7.56762516780945,597.5506476736691
2026-08-11,RICH,VIZG,supramax,9.66,14,False,9.902805456463264,448.35294278647814
2026-08-12,RICH,VIZG,supramax,10.4,15,False,9.215711159377708,470.7183215617164
2026-08-13,RICH,VIZG,supramax,11.12,16,False,13.630827748209429,549.3890900381006
2026-08-14,RICH,VIZG,supramax,10.87,15,False,10.116949517785743,558.2667705526875
2026-08-15,RICH,VIZG,supramax,11.21,15,False,9.561112211471409,586.0103893739373
2026-08-16,RICH,VIZG,supramax,12.24,15,False,15.146045566028777,635.1381075714971
2026-08-17,RICH,VIZG,supramax,11.42,27,False,17.005584879893934,575.3012677199996
2026-08-18,RICH,VIZG,supramax,10.58,19,False,15.403872125319829,439.9290845761742
2026-08-19,RICH,VIZG,supramax,10.19,9,False,8.525084552785001,509.9020504171288
2026-08-20,RICH,VIZG,supramax,12.24,14,False,10.609973199740152,572.7570492397053
2026-08-21,RICH,VIZG,supramax,10.91,12,False,12.780286305681331,572.0630153374796
2026-08-22,RICH,VIZG,supramax,11.52,15,False,10.779710692062416,576.1659781245057
2026-08-23,RICH,VIZG,supramax,10.64,13,False,5.97721255804321,546.5441911006317
2026-08-24,RICH,VIZG,supramax,11.13,12,False,4.909535669475761,581.0035894107082
2026-08-25,RICH,VIZG,supramax,12.67,12,False,8.709898718835843,554.5682072222411
2026-08-26,RICH,VIZG,supramax,10.97,13,False,5.269646473051481,569.0879281257774
2026-08-27,RICH,VIZG,supramax,11.31,12,False,5.597116701312355,582.2345670206992
2026-08-28,RICH,VIZG,supramax,11.5,13,False,9.942533574506454,570.0667697902492
2026-07-24,SAMA,HALD,capesize,5.32,33,False,8.532595509421897,650.1580325409932
2026-07-25,SAMA,HALD,capesize,4.71,30,False,10.790408848798599,643.6993625429313
2026-07-26,SAMA,HALD,capesize,5.02,32,False,10.024194435096625,666.3491743004884
2026-07-27,SAMA,HALD,capesize,5.67,32,False,10.036170656610073,625.3830005804758
2026-07-28,SAMA,HALD,capesize,5.04,32,False,9.968554254779612,600.2245213927703
2026-07-29,SAMA,HALD,capesize,5.3,32,False,10.936280750509752,615.7003025948536
2026-07-30,SAMA,HALD,capesize,5.32,33,False,11.09721447651673,801.9233444630702
2026-07-31,SAMA,HALD,capesize,5.07,32,False,11.133974480501895,685.1256561704948
2026-08-01,SAMA,HALD,capesize,4.56,33,False,11.005306978954769,597.2252481544682
2026-08-02,SAMA,HALD,capesize,4.68,33,False,12.036001287483806,460.3024253486705
2026-08-03,SAMA,HALD,capesize,4.65,32,False,12.462820583481014,553.8247891861207
2026-08-04,SAMA,HALD,capesize,5.04,35,False,9.9181018320691,573.8401285326722
2026-08-05,SAMA,HALD,capesize,4.74,38,False,7.4964746145001975,660.8233244740196
2026-08-06,SAMA,HALD,capesize,4.18,34,False,10.256815117255249,538.2291589607162
2026-08-07,SAMA,HALD,capesize,4.49,32,False,10.551312705068167,507.85381984716355
2026-08-08,SAMA,HALD,capesize,4.58,34,False,12.855479957010237,678.0639728104558
2026-08-09,SAMA,HALD,capesize,4.67,33,False,13.036764387919197,573.6813220183258
2026-08-10,SAMA,HALD,capesize,4.43,32,False,7.082628797881614,597.5506476736691
2026-08-11,SAMA,HALD,capesize,4.31,30,False,12.488595182507913,448.35294278647814
2026-08-12,SAMA,HALD,capesize,4.63,22,False,13.729412673382217,470.7183215617164
2026-08-13,SAMA,HALD,capesize,4.91,39,False,10.757898016405367,549.3890900381006
2026-08-14,SAMA,HALD,capesize,4.79,24,False,9.263205163699949,558.2667705526875
2026-08-15,SAMA,HALD,capesize,4.93,24,False,11.732031818297902,586.0103893739373
2026-08-16,SAMA,HALD,capesize,5.36,41,False,9.412533872326401,635.1381075714971
2026-08-17,SAMA,HALD,capesize,5.03,36,False,11.229391812863732,575.3012677199996
2026-08-18,SAMA,HALD,capesize,4.74,39,False,10.790898957534775,439.9290845761742
2026-08-19,SAMA,HALD,capesize,4.51,38,False,11.653767298076433,509.9020504171288
2026-08-20,SAMA,HALD,capesize,5.41,45,False,11.731556537200408,572.7570492397053
2026-08-21,SAMA,HALD,capesize,4.8,38,False,9.962665054335645,572.0630153374796
2026-08-22,SAMA,HALD,capesize,5.08,39,False,12.330379681552952,576.1659781245057
2026-08-23,SAMA,HALD,capesize,4.69,41,False,12.620860660693607,546.5441911006317
2026-08-24,SAMA,HALD,capesize,4.89,36,False,11.767409364092158,581.0035894107082
2026-08-25,SAMA,HALD,capesize,5.62,38,False,10.27201021299655,554.5682072222411
2026-08-26,SAMA,HALD,capesize,4.83,39,False,9.523571372323483,569.0879281257774
2026-08-27,SAMA,HALD,capesize,4.97,35,False,17.229129710830165,582.2345670206992
2026-08-28,SAMA,HALD,capesize,5.07,38,False,10.149902162249894,570.0667697902492
2026-07-24,SAMA,HALD,handysize,10.48,33,False,8.532595509421897,650.1580325409932
2026-07-25,SAMA,HALD,handysize,9.32,30,False,10.790408848798599,643.6993625429313
2026-07-26,SAMA,HALD,handysize,9.92,32,False,10.024194435096625,666.3491743004884
2026-07-27,SAMA,HALD,handysize,11.14,32,False,10.036170656610073,625.3830005804758
2026-07-28,SAMA,HALD,handysize,9.92,32,False,9.968554254779612,600.2245213927703
2026-07-29,SAMA,HALD,handysize,10.44,32,False,10.936280750509752,615.7003025948536
2026-07-30,SAMA,HALD,handysize,10.56,33,False,11.09721447651673,801.9233444630702
2026-07-31,SAMA,HALD,handysize,10.02,32,False,11.133974480501895,685.1256561704948
2026-08-01,SAMA,HALD,handysize,9.01,33,False,11.005306978954769,597.2252481544682
2026-08-02,SAMA,HALD,handysize,9.16,33,False,12.036001287483806,460.3024253486705
2026-08-03,SAMA,HALD,handysize,9.16,32,False,12.462820583481014,553.8247891861207
2026-08-04,SAMA,HALD,handysize,9.92,35,False,9.9181018320691,573.8401285326722
2026-08-05,SAMA,HALD,handysize,9.37,38,False,7.4964746145001975,660.8233244740196
2026-08-06,SAMA,HALD,handysize,8.24,34,False,10.256815117255249,538.2291589607162
2026-08-07,SAMA,HALD,handysize,8.83,32,False,10.551312705068167,507.85381984716355
2026-08-08,SAMA,HALD,handysize,9.07,34,False,12.855479957010237,678.0639728104558
2026-08-09,SAMA,HALD,handysize,9.21,33,False,13.036764387919197,573.6813220183258
2026-08-10,SAMA,HALD,handysize,8.75,32,False,7.082628797881614,597.5506476736691
2026-08-11,SAMA,HALD,handysize,8.45,30,False,12.488595182507913,448.35294278647814
2026-08-12,SAMA,HALD,handysize,9.08,22,False,13.729412673382217,470.7183215617164
2026-08-13,SAMA,HALD,handysize,9.65,39,False,10.757898016405367,549.3890900381006
2026-08-14,SAMA,HALD,handysize,9.42,24,False,9.263205163699949,558.2667705526875
2026-08-15,SAMA,HALD,handysize,9.7,24,False,11.732031818297902,586.0103893739373
2026-08-16,SAMA,HALD,handysize,10.56,41,False,9.412533872326401,635.1381075714971
2026-08-17,SAMA,HALD,handysize,9.89,36,False,11.229391812863732,575.3012677199996
2026-08-18,SAMA,HALD,handysize,9.27,39,False,10.790898957534775,439.9290845761742
2026-08-19,SAMA,HALD,handysize,8.87,38,False,11.653767298076433,509.9020504171288
2026-08-20,SAMA,HALD,handysize,10.62,45,False,11.731556537200408,572.7570492397053
2026-08-21,SAMA,HALD,handysize,9.44,38,False,9.962665054335645,572.0630153374796
2026-08-22,SAMA,HALD,handysize,9.98,39,False,12.330379681552952,576.1659781245057
2026-08-23,SAMA,HALD,handysize,9.23,41,False,12.620860660693607,546.5441911006317
2026-08-24,SAMA,HALD,handysize,9.63,36,False,11.767409364092158,581.0035894107082
2026-08-25,SAMA,HALD,handysize,11.01,38,False,10.27201021299655,554.5682072222411
2026-08-26,SAMA,HALD,handysize,9.5,39,False,9.523571372323483,569.0879281257774
2026-08-27,SAMA,HALD,handysize,9.79,35,False,17.229129710830165,582.2345670206992
2026-08-28,SAMA,HALD,handysize,9.96,38,False,10.149902162249894,570.0667697902492
2026-07-24,SAMA,HALD,panamax,7.13,33,False,8.532595509421897,650.1580325409932
2026-07-25,SAMA,HALD,panamax,6.33,30,False,10.790408848798599,643.6993625429313
2026-07-26,SAMA,HALD,panamax,6.75,32,False,10.024194435096625,666.3491743004884
2026-07-27,SAMA,HALD,panamax,7.6,32,False,10.036170656610073,625.3830005804758
2026-07-28,SAMA,HALD,panamax,6.76,32,False,9.968554254779612,600.2245213927703
2026-07-29,SAMA,HALD,panamax,7.11,32,False,10.936280750509752,615.7003025948536
2026-07-30,SAMA,HALD,panamax,7.16,33,False,11.09721447651673,801.9233444630702
2026-07-31,SAMA,HALD,panamax,6.81,32,False,11.133974480501895,685.1256561704948
2026-08-01,SAMA,HALD,panamax,6.13,33,False,11.005306978954769,597.2252481544682
2026-08-02,SAMA,HALD,panamax,6.27,33,False,12.036001287483806,460.3024253486705
2026-08-03,SAMA,HALD,panamax,6.24,32,False,12.462820583481014,553.8247891861207
2026-08-04,SAMA,HALD,panamax,6.77,35,False,9.9181018320691,573.8401285326722
2026-08-05,SAMA,HALD,panamax,6.37,38,False,7.4964746145001975,660.8233244740196
2026-08-06,SAMA,HALD,panamax,5.61,34,False,10.256815117255249,538.2291589607162
2026-08-07,SAMA,HALD,panamax,6.03,32,False,10.551312705068167,507.85381984716355
2026-08-08,SAMA,HALD,panamax,6.16,34,False,12.855479957010237,678.0639728104558
2026-08-09,SAMA,HALD,panamax,6.27,33,False,13.036764387919197,573.6813220183258
2026-08-10,SAMA,HALD,panamax,5.95,32,False,7.082628797881614,597.5506476736691
2026-08-11,SAMA,HALD,panamax,5.78,30,False,12.488595182507913,448.35294278647814
2026-08-12,SAMA,HALD,panamax,6.21,22,False,13.729412673382217,470.7183215617164
2026-08-13,SAMA,HALD,panamax,6.58,39,False,10.757898016405367,549.3890900381006
2026-08-14,SAMA,HALD,panamax,6.42,24,False,9.263205163699949,558.2667705526875
2026-08-15,SAMA,HALD,panamax,6.61,24,False,11.732031818297902,586.0103893739373
2026-08-16,SAMA,HALD,panamax,7.19,41,False,9.412533872326401,635.1381075714971
2026-08-17,SAMA,HALD,panamax,6.74,36,False,11.229391812863732,575.3012677199996
2026-08-18,SAMA,HALD,panamax,6.35,39,False,10.790898957534775,439.9290845761742
2026-08-19,SAMA,HALD,panamax,6.05,38,False,11.653767298076433,509.9020504171288
2026-08-20,SAMA,HALD,panamax,7.25,45,False,11.731556537200408,572.7570492397053
2026-08-21,SAMA,HALD,panamax,6.44,38,False,9.962665054335645,572.0630153374796
2026-08-22,SAMA,HALD,panamax,6.81,39,False,12.330379681552952,576.1659781245057
2026-08-23,SAMA,HALD,panamax,6.29,41,False,12.620860660693607,546.5441911006317
2026-08-24,SAMA,HALD,panamax,6.56,36,False,11.767409364092158,581.0035894107082
2026-08-25,SAMA,HALD,panamax,7.52,38,False,10.27201021299655,554.5682072222411
2026-08-26,SAMA,HALD,panamax,6.48,39,False,9.523571372323483,569.0879281257774
2026-08-27,SAMA,HALD,panamax,6.67,35,False,17.229129710830165,582.2345670206992
2026-08-28,SAMA,HALD,panamax,6.8,38,False,10.149902162249894,570.0667697902492
2026-07-24,SAMA,HALD,supramax,7.75,33,False,8.532595509421897,650.1580325409932
2026-07-25,SAMA,HALD,supramax,6.88,30,False,10.790408848798599,643.6993625429313
2026-07-26,SAMA,HALD,supramax,7.33,32,False,10.024194435096625,666.3491743004884
2026-07-27,SAMA,HALD,supramax,8.24,32,False,10.036170656610073,625.3830005804758
2026-07-28,SAMA,HALD,supramax,7.34,32,False,9.968554254779612,600.2245213927703
2026-07-29,SAMA,HALD,supramax,7.72,32,False,10.936280750509752,615.7003025948536
2026-07-30,SAMA,HALD,supramax,7.78,33,False,11.09721447651673,801.9233444630702
2026-07-31,SAMA,HALD,supramax,7.4,32,False,11.133974480501895,685.1256561704948
2026-08-01,SAMA,HALD,supramax,6.65,33,False,11.005306978954769,597.2252481544682
2026-08-02,SAMA,HALD,supramax,6.79,33,False,12.036001287483806,460.3024253486705
2026-08-03,SAMA,HALD,supramax,6.77,32,False,12.462820583481014,553.8247891861207
2026-08-04,SAMA,HALD,supramax,7.34,35,False,9.9181018320691,573.8401285326722
2026-08-05,SAMA,HALD,supramax,6.92,38,False,7.4964746145001975,660.8233244740196
2026-08-06,SAMA,HALD,supramax,6.09,34,False,10.256815117255249,538.2291589607162
2026-08-07,SAMA,HALD,supramax,6.53,32,False,10.551312705068167,507.85381984716355
2026-08-08,SAMA,HALD,supramax,6.69,34,False,12.855479957010237,678.0639728104558
2026-08-09,SAMA,HALD,supramax,6.81,33,False,13.036764387919197,573.6813220183258
2026-08-10,SAMA,HALD,supramax,6.46,32,False,7.082628797881614,597.5506476736691
2026-08-11,SAMA,HALD,supramax,6.26,30,False,12.488595182507913,448.35294278647814
2026-08-12,SAMA,HALD,supramax,6.73,22,False,13.729412673382217,470.7183215617164
2026-08-13,SAMA,HALD,supramax,7.14,39,False,10.757898016405367,549.3890900381006
2026-08-14,SAMA,HALD,supramax,6.97,24,False,9.263205163699949,558.2667705526875
2026-08-15,SAMA,HALD,supramax,7.17,24,False,11.732031818297902,586.0103893739373
2026-08-16,SAMA,HALD,supramax,7.81,41,False,9.412533872326401,635.1381075714971
2026-08-17,SAMA,HALD,supramax,7.31,36,False,11.229391812863732,575.3012677199996
2026-08-18,SAMA,HALD,supramax,6.87,39,False,10.790898957534775,439.9290845761742
2026-08-19,SAMA,HALD,supramax,6.56,38,False,11.653767298076433,509.9020504171288
2026-08-20,SAMA,HALD,supramax,7.86,45,False,11.731556537200408,572.7570492397053
2026-08-21,SAMA,HALD,supramax,6.99,38,False,9.962665054335645,572.0630153374796
2026-08-22,SAMA,HALD,supramax,7.39,39,False,12.330379681552952,576.1659781245057
2026-08-23,SAMA,HALD,supramax,6.83,41,False,12.620860660693607,546.5441911006317
2026-08-24,SAMA,HALD,supramax,7.12,36,False,11.767409364092158,581.0035894107082
2026-08-25,SAMA,HALD,supramax,8.15,38,False,10.27201021299655,554.5682072222411
2026-08-26,SAMA,HALD,supramax,7.03,39,False,9.523571372323483,569.0879281257774
2026-08-27,SAMA,HALD,supramax,7.24,35,False,17.229129710830165,582.2345670206992
2026-08-28,SAMA,HALD,supramax,7.37,38,False,10.149902162249894,570.0667697902492
2026-07-24,SAMA,PRDP,capesize,5.18,14,False,8.532595509421897,650.1580325409932
2026-07-25,SAMA,PRDP,capesize,4.59,13,False,10.790408848798599,643.6993625429313
2026-07-26,SAMA,PRDP,capesize,4.9,15,False,10.024194435096625,666.3491743004884
2026-07-27,SAMA,PRDP,capesize,5.53,20,False,10.036170656610073,625.3830005804758
2026-07-28,SAMA,PRDP,capesize,4.92,14,False,9.968554254779612,600.2245213927703
2026-07-29,SAMA,PRDP,capesize,5.17,14,False,10.936280750509752,615.7003025948536
2026-07-30,SAMA,PRDP,capesize,5.18,18,False,11.09721447651673,801.9233444630702
2026-07-31,SAMA,PRDP,capesize,4.94,19,False,11.133974480501895,685.1256561704948
2026-08-01,SAMA,PRDP,capesize,4.45,19,False,11.005306978954769,597.2252481544682
2026-08-02,SAMA,PRDP,capesize,4.56,22,False,12.036001287483806,460.3024253486705
2026-08-03,SAMA,PRDP,capesize,4.54,21,False,12.462820583481014,553.8247891861207
2026-08-04,SAMA,PRDP,capesize,4.92,19,False,9.9181018320691,573.8401285326722
2026-08-05,SAMA,PRDP,capesize,4.62,19,False,7.4964746145001975,660.8233244740196
2026-08-06,SAMA,PRDP,capesize,4.07,17,False,10.256815117255249,538.2291589607162
2026-08-07,SAMA,PRDP,capesize,4.38,18,False,10.551312705068167,507.85381984716355
2026-08-08,SAMA,PRDP,capesize,4.46,15,False,12.855479957010237,678.0639728104558
2026-08-09,SAMA,PRDP,capesize,4.56,18,False,13.036764387919197,573.6813220183258
2026-08-10,SAMA,PRDP,capesize,4.32,17,False,7.082628797881614,597.5506476736691
2026-08-11,SAMA,PRDP,capesize,4.21,16,False,12.488595182507913,448.35294278647814
2026-08-12,SAMA,PRDP,capesize,4.52,19,False,13.729412673382217,470.7183215617164
2026-08-13,SAMA,PRDP,capesize,4.79,15,False,10.757898016405367,549.3890900381006
2026-08-14,SAMA,PRDP,capesize,4.67,16,False,9.263205163699949,558.2667705526875
2026-08-15,SAMA,PRDP,capesize,4.8,14,False,11.732031818297902,586.0103893739373
2026-08-16,SAMA,PRDP,capesize,5.23,17,False,9.412533872326401,635.1381075714971
2026-08-17,SAMA,PRDP,capesize,4.9,21,False,11.229391812863732,575.3012677199996
2026-08-18,SAMA,PRDP,capesize,4.62,18,False,10.790898957534775,439.9290845761742
2026-08-19,SAMA,PRDP,capesize,4.4,16,False,11.653767298076433,509.9020504171288
2026-08-20,SAMA,PRDP,capesize,5.27,16,False,11.731556537200408,572.7570492397053
2026-08-21,SAMA,PRDP,capesize,4.68,18,False,9.962665054335645,572.0630153374796
2026-08-22,SAMA,PRDP,capesize,4.95,17,False,12.330379681552952,576.1659781245057
2026-08-23,SAMA,PRDP,capesize,4.58,20,False,12.620860660693607,546.5441911006317
2026-08-24,SAMA,PRDP,capesize,4.77,18,False,11.767409364092158,581.0035894107082
2026-08-25,SAMA,PRDP,capesize,5.48,16,False,10.27201021299655,554.5682072222411
2026-08-26,SAMA,PRDP,capesize,4.71,16,False,9.523571372323483,569.0879281257774
2026-08-27,SAMA,PRDP,capesize,4.85,17,False,17.229129710830165,582.2345670206992
2026-08-28,SAMA,PRDP,capesize,4.94,17,False,10.149902162249894,570.0667697902492
2026-07-24,SAMA,PRDP,handysize,10.21,14,False,8.532595509421897,650.1580325409932
2026-07-25,SAMA,PRDP,handysize,9.08,13,False,10.790408848798599,643.6993625429313
2026-07-26,SAMA,PRDP,handysize,9.66,15,False,10.024194435096625,666.3491743004884
2026-07-27,SAMA,PRDP,handysize,10.86,20,False,10.036170656610073,625.3830005804758
2026-07-28,SAMA,PRDP,handysize,9.67,14,False,9.968554254779612,600.2245213927703
2026-07-29,SAMA,PRDP,handysize,10.17,14,False,10.936280750509752,615.7003025948536
2026-07-30,SAMA,PRDP,handysize,10.27,18,False,11.09721447651673,801.9233444630702
2026-07-31,SAMA,PRDP,handysize,9.76,19,False,11.133974480501895,685.1256561704948
2026-08-01,SAMA,PRDP,handysize,8.77,19,False,11.005306978954769,597.2252481544682
2026-08-02,SAMA,PRDP,handysize,8.94,22,False,12.036001287483806,460.3024253486705
2026-08-03,SAMA,PRDP,handysize,8.93,21,False,12.462820583481014,553.8247891861207
2026-08-04,SAMA,PRDP,handysize,9.67,19,False,9.9181018320691,573.8401285326722
2026-08-05,SAMA,PRDP,handysize,9.13,19,False,7.4964746145001975,660.8233244740196
2026-08-06,SAMA,PRDP,handysize,8.03,17,False,10.256815117255249,538.2291589607162
2026-08-07,SAMA,PRDP,handysize,8.61,18,False,10.551312705068167,507.85381984716355
2026-08-08,SAMA,PRDP,handysize,8.83,15,False,12.855479957010237,678.0639728104558
2026-08-09,SAMA,PRDP,handysize,8.97,18,False,13.036764387919197,573.6813220183258
2026-08-10,SAMA,PRDP,handysize,8.52,17,False,7.082628797881614,597.5506476736691
2026-08-11,SAMA,PRDP,handysize,8.24,16,False,12.488595182507913,448.35294278647814
2026-08-12,SAMA,PRDP,handysize,8.86,19,False,13.729412673382217,470.7183215617164
2026-08-13,SAMA,PRDP,handysize,9.4,15,False,10.757898016405367,549.3890900381006
2026-08-14,SAMA,PRDP,handysize,9.18,16,False,9.263205163699949,558.2667705526875
2026-08-15,SAMA,PRDP,handysize,9.45,14,False,11.732031818297902,586.0103893739373
2026-08-16,SAMA,PRDP,handysize,10.29,17,False,9.412533872326401,635.1381075714971
2026-08-17,SAMA,PRDP,handysize,9.64,21,False,11.229391812863732,575.3012677199996
2026-08-18,SAMA,PRDP,handysize,9.05,18,False,10.790898957534775,439.9290845761742
2026-08-19,SAMA,PRDP,handysize,8.65,16,False,11.653767298076433,509.9020504171288
2026-08-20,SAMA,PRDP,handysize,10.35,16,False,11.731556537200408,572.7570492397053
2026-08-21,SAMA,PRDP,handysize,9.2,18,False,9.962665054335645,572.0630153374796
2026-08-22,SAMA,PRDP,handysize,9.73,17,False,12.330379681552952,576.1659781245057
2026-08-23,SAMA,PRDP,handysize,9.0,20,False,12.620860660693607,546.5441911006317
2026-08-24,SAMA,PRDP,handysize,9.39,18,False,11.767409364092158,581.0035894107082
2026-08-25,SAMA,PRDP,handysize,10.73,16,False,10.27201021299655,554.5682072222411
2026-08-26,SAMA,PRDP,handysize,9.26,16,False,9.523571372323483,569.0879281257774
2026-08-27,SAMA,PRDP,handysize,9.54,17,False,17.229129710830165,582.2345670206992
2026-08-28,SAMA,PRDP,handysize,9.71,17,False,10.149902162249894,570.0667697902492
2026-07-24,SAMA,PRDP,panamax,6.96,14,False,8.532595509421897,650.1580325409932
2026-07-25,SAMA,PRDP,panamax,6.18,13,False,10.790408848798599,643.6993625429313
2026-07-26,SAMA,PRDP,panamax,6.58,15,False,10.024194435096625,666.3491743004884
2026-07-27,SAMA,PRDP,panamax,7.41,20,False,10.036170656610073,625.3830005804758
2026-07-28,SAMA,PRDP,panamax,6.6,14,False,9.968554254779612,600.2245213927703
2026-07-29,SAMA,PRDP,panamax,6.94,14,False,10.936280750509752,615.7003025948536
2026-07-30,SAMA,PRDP,panamax,6.97,18,False,11.09721447651673,801.9233444630702
2026-07-31,SAMA,PRDP,panamax,6.64,19,False,11.133974480501895,685.1256561704948
2026-08-01,SAMA,PRDP,panamax,5.98,19,False,11.005306978954769,597.2252481544682
2026-08-02,SAMA,PRDP,panamax,6.12,22,False,12.036001287483806,460.3024253486705
2026-08-03,SAMA,PRDP,panamax,6.09,21,False,12.462820583481014,553.8247891861207
2026-08-04,SAMA,PRDP,panamax,6.6,19,False,9.9181018320691,573.8401285326722
2026-08-05,SAMA,PRDP,panamax,6.21,19,False,7.4964746145001975,660.8233244740196
2026-08-06,SAMA,PRDP,panamax,5.48,17,False,10.256815117255249,538.2291589607162
2026-08-07,SAMA,PRDP,panamax,5.88,18,False,10.551312705068167,507.85381984716355
2026-08-08,SAMA,PRDP,panamax,6.0,15,False,12.855479957010237,678.0639728104558
2026-08-09,SAMA,PRDP,panamax,6.12,18,False,13.036764387919197,573.6813220183258
2026-08-10,SAMA,PRDP,panamax,5.8,17,False,7.082628797881614,597.5506476736691
2026-08-11,SAMA,PRDP,panamax,5.64,16,False,12.488595182507913,448.35294278647814
2026-08-12,SAMA,PRDP,panamax,6.06,19,False,13.729412673382217,470.7183215617164
2026-08-13,SAMA,PRDP,panamax,6.42,15,False,10.757898016405367,549.3890900381006
2026-08-14,SAMA,PRDP,panamax,6.27,16,False,9.263205163699949,558.2667705526875
2026-08-15,SAMA,PRDP,panamax,6.45,14,False,11.732031818297902,586.0103893739373
2026-08-16,SAMA,PRDP,panamax,7.02,17,False,9.412533872326401,635.1381075714971
2026-08-17,SAMA,PRDP,panamax,6.58,21,False,11.229391812863732,575.3012677199996
2026-08-18,SAMA,PRDP,panamax,6.2,18,False,10.790898957534775,439.9290845761742
2026-08-19,SAMA,PRDP,panamax,5.91,16,False,11.653767298076433,509.9020504171288
2026-08-20,SAMA,PRDP,panamax,7.07,16,False,11.731556537200408,572.7570492397053
2026-08-21,SAMA,PRDP,panamax,6.28,18,False,9.962665054335645,572.0630153374796
2026-08-22,SAMA,PRDP,panamax,6.64,17,False,12.330379681552952,576.1659781245057
2026-08-23,SAMA,PRDP,panamax,6.14,20,False,12.620860660693607,546.5441911006317
2026-08-24,SAMA,PRDP,panamax,6.4,18,False,11.767409364092158,581.0035894107082
2026-08-25,SAMA,PRDP,panamax,7.34,16,False,10.27201021299655,554.5682072222411
2026-08-26,SAMA,PRDP,panamax,6.32,16,False,9.523571372323483,569.0879281257774
2026-08-27,SAMA,PRDP,panamax,6.51,17,False,17.229129710830165,582.2345670206992
2026-08-28,SAMA,PRDP,panamax,6.63,17,False,10.149902162249894,570.0667697902492
2026-07-24,SAMA,PRDP,supramax,7.55,14,False,8.532595509421897,650.1580325409932
2026-07-25,SAMA,PRDP,supramax,6.7,13,False,10.790408848798599,643.6993625429313
2026-07-26,SAMA,PRDP,supramax,7.14,15,False,10.024194435096625,666.3491743004884
2026-07-27,SAMA,PRDP,supramax,8.04,20,False,10.036170656610073,625.3830005804758
2026-07-28,SAMA,PRDP,supramax,7.16,14,False,9.968554254779612,600.2245213927703
2026-07-29,SAMA,PRDP,supramax,7.53,14,False,10.936280750509752,615.7003025948536
2026-07-30,SAMA,PRDP,supramax,7.58,18,False,11.09721447651673,801.9233444630702
2026-07-31,SAMA,PRDP,supramax,7.21,19,False,11.133974480501895,685.1256561704948
2026-08-01,SAMA,PRDP,supramax,6.48,19,False,11.005306978954769,597.2252481544682
2026-08-02,SAMA,PRDP,supramax,6.63,22,False,12.036001287483806,460.3024253486705
2026-08-03,SAMA,PRDP,supramax,6.6,21,False,12.462820583481014,553.8247891861207
2026-08-04,SAMA,PRDP,supramax,7.16,19,False,9.9181018320691,573.8401285326722
2026-08-05,SAMA,PRDP,supramax,6.74,19,False,7.4964746145001975,660.8233244740196
2026-08-06,SAMA,PRDP,supramax,5.94,17,False,10.256815117255249,538.2291589607162
2026-08-07,SAMA,PRDP,supramax,6.37,18,False,10.551312705068167,507.85381984716355
2026-08-08,SAMA,PRDP,supramax,6.52,15,False,12.855479957010237,678.0639728104558
2026-08-09,SAMA,PRDP,supramax,6.64,18,False,13.036764387919197,573.6813220183258
2026-08-10,SAMA,PRDP,supramax,6.3,17,False,7.082628797881614,597.5506476736691
2026-08-11,SAMA,PRDP,supramax,6.11,16,False,12.488595182507913,448.35294278647814
2026-08-12,SAMA,PRDP,supramax,6.57,19,False,13.729412673382217,470.7183215617164
2026-08-13,SAMA,PRDP,supramax,6.96,15,False,10.757898016405367,549.3890900381006
2026-08-14,SAMA,PRDP,supramax,6.8,16,False,9.263205163699949,558.2667705526875
2026-08-15,SAMA,PRDP,supramax,6.99,14,False,11.732031818297902,586.0103893739373
2026-08-16,SAMA,PRDP,supramax,7.61,17,False,9.412533872326401,635.1381075714971
2026-08-17,SAMA,PRDP,supramax,7.13,21,False,11.229391812863732,575.3012677199996
2026-08-18,SAMA,PRDP,supramax,6.71,18,False,10.790898957534775,439.9290845761742
2026-08-19,SAMA,PRDP,supramax,6.4,16,False,11.653767298076433,509.9020504171288
2026-08-20,SAMA,PRDP,supramax,7.66,16,False,11.731556537200408,572.7570492397053
2026-08-21,SAMA,PRDP,supramax,6.81,18,False,9.962665054335645,572.0630153374796
2026-08-22,SAMA,PRDP,supramax,7.2,17,False,12.330379681552952,576.1659781245057
2026-08-23,SAMA,PRDP,supramax,6.66,20,False,12.620860660693607,546.5441911006317
2026-08-24,SAMA,PRDP,supramax,6.94,18,False,11.767409364092158,581.0035894107082
2026-08-25,SAMA,PRDP,supramax,7.95,16,False,10.27201021299655,554.5682072222411
2026-08-26,SAMA,PRDP,supramax,6.85,16,False,9.523571372323483,569.0879281257774
2026-08-27,SAMA,PRDP,supramax,7.06,17,False,17.229129710830165,582.2345670206992
2026-08-28,SAMA,PRDP,supramax,7.19,17,False,10.149902162249894,570.0667697902492
2026-07-24,SAMA,VIZG,capesize,5.12,11,False,8.532595509421897,650.1580325409932
2026-07-25,SAMA,VIZG,capesize,4.53,13,False,10.790408848798599,643.6993625429313
2026-07-26,SAMA,VIZG,capesize,4.83,11,False,10.024194435096625,666.3491743004884
2026-07-27,SAMA,VIZG,capesize,5.46,19,False,10.036170656610073,625.3830005804758
2026-07-28,SAMA,VIZG,capesize,4.85,13,False,9.968554254779612,600.2245213927703
2026-07-29,SAMA,VIZG,capesize,5.11,15,False,10.936280750509752,615.7003025948536
2026-07-30,SAMA,VIZG,capesize,5.11,15,False,11.09721447651673,801.9233444630702
2026-07-31,SAMA,VIZG,capesize,4.88,14,False,11.133974480501895,685.1256561704948
2026-08-01,SAMA,VIZG,capesize,4.39,12,False,11.005306978954769,597.2252481544682
2026-08-02,SAMA,VIZG,capesize,4.51,19,False,12.036001287483806,460.3024253486705
2026-08-03,SAMA,VIZG,capesize,4.48,14,False,12.462820583481014,553.8247891861207
2026-08-04,SAMA,VIZG,capesize,4.86,15,False,9.9181018320691,573.8401285326722
2026-08-05,SAMA,VIZG,capesize,4.56,16,False,7.4964746145001975,660.8233244740196
2026-08-06,SAMA,VIZG,capesize,4.02,16,False,10.256815117255249,538.2291589607162
2026-08-07,SAMA,VIZG,capesize,4.33,16,False,10.551312705068167,507.85381984716355
2026-08-08,SAMA,VIZG,capesize,4.4,13,False,12.855479957010237,678.0639728104558
2026-08-09,SAMA,VIZG,capesize,4.5,15,False,13.036764387919197,573.6813220183258
2026-08-10,SAMA,VIZG,capesize,4.26,15,False,7.082628797881614,597.5506476736691
2026-08-11,SAMA,VIZG,capesize,4.15,14,False,12.488595182507913,448.35294278647814
2026-08-12,SAMA,VIZG,capesize,4.47,15,False,13.729412673382217,470.7183215617164
2026-08-13,SAMA,VIZG,capesize,4.73,16,False,10.757898016405367,549.3890900381006
2026-08-14,SAMA,VIZG,capesize,4.61,15,False,9.263205163699949,558.2667705526875
2026-08-15,SAMA,VIZG,capesize,4.74,15,False,11.732031818297902,586.0103893739373
2026-08-16,SAMA,VIZG,capesize,5.16,15,False,9.412533872326401,635.1381075714971
2026-08-17,SAMA,VIZG,capesize,4.84,27,False,11.229391812863732,575.3012677199996
2026-08-18,SAMA,VIZG,capesize,4.57,19,False,10.790898957534775,439.9290845761742
2026-08-19,SAMA,VIZG,capesize,4.35,9,False,11.653767298076433,509.9020504171288
2026-08-20,SAMA,VIZG,capesize,5.21,14,False,11.731556537200408,572.7570492397053
2026-08-21,SAMA,VIZG,capesize,4.62,12,False,9.962665054335645,572.0630153374796
2026-08-22,SAMA,VIZG,capesize,4.89,15,False,12.330379681552952,576.1659781245057
2026-08-23,SAMA,VIZG,capesize,4.52,13,False,12.620860660693607,546.5441911006317
2026-08-24,SAMA,VIZG,capesize,4.71,12,False,11.767409364092158,581.0035894107082
2026-08-25,SAMA,VIZG,capesize,5.41,12,False,10.27201021299655,554.5682072222411
2026-08-26,SAMA,VIZG,capesize,4.65,13,False,9.523571372323483,569.0879281257774
2026-08-27,SAMA,VIZG,capesize,4.79,12,False,17.229129710830165,582.2345670206992
2026-08-28,SAMA,VIZG,capesize,4.88,13,False,10.149902162249894,570.0667697902492
2026-07-24,SAMA,VIZG,handysize,10.08,11,False,8.532595509421897,650.1580325409932
2026-07-25,SAMA,VIZG,handysize,8.96,13,False,10.790408848798599,643.6993625429313
2026-07-26,SAMA,VIZG,handysize,9.54,11,False,10.024194435096625,666.3491743004884
2026-07-27,SAMA,VIZG,handysize,10.72,19,False,10.036170656610073,625.3830005804758
2026-07-28,SAMA,VIZG,handysize,9.54,13,False,9.968554254779612,600.2245213927703
2026-07-29,SAMA,VIZG,handysize,10.04,15,False,10.936280750509752,615.7003025948536
2026-07-30,SAMA,VIZG,handysize,10.13,15,False,11.09721447651673,801.9233444630702
2026-07-31,SAMA,VIZG,handysize,9.63,14,False,11.133974480501895,685.1256561704948
2026-08-01,SAMA,VIZG,handysize,8.66,12,False,11.005306978954769,597.2252481544682
2026-08-02,SAMA,VIZG,handysize,8.82,19,False,12.036001287483806,460.3024253486705
2026-08-03,SAMA,VIZG,handysize,8.81,14,False,12.462820583481014,553.8247891861207
2026-08-04,SAMA,VIZG,handysize,9.54,15,False,9.9181018320691,573.8401285326722
2026-08-05,SAMA,VIZG,handysize,9.01,16,False,7.4964746145001975,660.8233244740196
2026-08-06,SAMA,VIZG,handysize,7.93,16,False,10.256815117255249,538.2291589607162
2026-08-07,SAMA,VIZG,handysize,8.5,16,False,10.551312705068167,507.85381984716355
2026-08-08,SAMA,VIZG,handysize,8.71,13,False,12.855479957010237,678.0639728104558
2026-08-09,SAMA,VIZG,handysize,8.86,15,False,13.036764387919197,573.6813220183258
2026-08-10,SAMA,VIZG,handysize,8.41,15,False,7.082628797881614,597.5506476736691
2026-08-11,SAMA,VIZG,handysize,8.14,14,False,12.488595182507913,448.35294278647814
2026-08-12,SAMA,VIZG,handysize,8.75,15,False,13.729412673382217,470.7183215617164
2026-08-13,SAMA,VIZG,handysize,9.28,16,False,10.757898016405367,549.3890900381006
2026-08-14,SAMA,VIZG,handysize,9.06,15,False,9.263205163699949,558.2667705526875
2026-08-15,SAMA,VIZG,handysize,9.33,15,False,11.732031818297902,586.0103893739373
2026-08-16,SAMA,VIZG,handysize,10.16,15,False,9.412533872326401,635.1381075714971
2026-08-17,SAMA,VIZG,handysize,9.51,27,False,11.229391812863732,575.3012677199996
2026-08-18,SAMA,VIZG,handysize,8.93,19,False,10.790898957534775,439.9290845761742
2026-08-19,SAMA,VIZG,handysize,8.54,9,False,11.653767298076433,509.9020504171288
2026-08-20,SAMA,VIZG,handysize,10.22,14,False,11.731556537200408,572.7570492397053
2026-08-21,SAMA,VIZG,handysize,9.08,12,False,9.962665054335645,572.0630153374796
2026-08-22,SAMA,VIZG,handysize,9.6,15,False,12.330379681552952,576.1659781245057
2026-08-23,SAMA,VIZG,handysize,8.88,13,False,12.620860660693607,546.5441911006317
2026-08-24,SAMA,VIZG,handysize,9.26,12,False,11.767409364092158,581.0035894107082
2026-08-25,SAMA,VIZG,handysize,10.59,12,False,10.27201021299655,554.5682072222411
2026-08-26,SAMA,VIZG,handysize,9.14,13,False,9.523571372323483,569.0879281257774
2026-08-27,SAMA,VIZG,handysize,9.42,12,False,17.229129710830165,582.2345670206992
2026-08-28,SAMA,VIZG,handysize,9.58,13,False,10.149902162249894,570.0667697902492
2026-07-24,SAMA,VIZG,panamax,6.87,11,False,8.532595509421897,650.1580325409932
2026-07-25,SAMA,VIZG,panamax,6.1,13,False,10.790408848798599,643.6993625429313
2026-07-26,SAMA,VIZG,panamax,6.5,11,False,10.024194435096625,666.3491743004884
2026-07-27,SAMA,VIZG,panamax,7.32,19,False,10.036170656610073,625.3830005804758
2026-07-28,SAMA,VIZG,panamax,6.51,13,False,9.968554254779612,600.2245213927703
2026-07-29,SAMA,VIZG,panamax,6.85,15,False,10.936280750509752,615.7003025948536
2026-07-30,SAMA,VIZG,panamax,6.88,15,False,11.09721447651673,801.9233444630702
2026-07-31,SAMA,VIZG,panamax,6.55,14,False,11.133974480501895,685.1256561704948
2026-08-01,SAMA,VIZG,panamax,5.9,12,False,11.005306978954769,597.2252481544682
2026-08-02,SAMA,VIZG,panamax,6.04,19,False,12.036001287483806,460.3024253486705
2026-08-03,SAMA,VIZG,panamax,6.01,14,False,12.462820583481014,553.8247891861207
2026-08-04,SAMA,VIZG,panamax,6.52,15,False,9.9181018320691,573.8401285326722
2026-08-05,SAMA,VIZG,panamax,6.13,16,False,7.4964746145001975,660.8233244740196
2026-08-06,SAMA,VIZG,panamax,5.41,16,False,10.256815117255249,538.2291589607162
2026-08-07,SAMA,VIZG,panamax,5.81,16,False,10.551312705068167,507.85381984716355
2026-08-08,SAMA,VIZG,panamax,5.92,13,False,12.855479957010237,678.0639728104558
2026-08-09,SAMA,VIZG,panamax,6.04,15,False,13.036764387919197,573.6813220183258
2026-08-10,SAMA,VIZG,panamax,5.73,15,False,7.082628797881614,597.5506476736691
2026-08-11,SAMA,VIZG,panamax,5.57,14,False,12.488595182507913,448.35294278647814
2026-08-12,SAMA,VIZG,panamax,5.99,15,False,13.729412673382217,470.7183215617164
2026-08-13,SAMA,VIZG,panamax,6.34,16,False,10.757898016405367,549.3890900381006
2026-08-14,SAMA,VIZG,panamax,6.19,15,False,9.263205163699949,558.2667705526875
2026-08-15,SAMA,VIZG,panamax,6.37,15,False,11.732031818297902,586.0103893739373
2026-08-16,SAMA,VIZG,panamax,6.93,15,False,9.412533872326401,635.1381075714971
2026-08-17,SAMA,VIZG,panamax,6.5,27,False,11.229391812863732,575.3012677199996
2026-08-18,SAMA,VIZG,panamax,6.12,19,False,10.790898957534775,439.9290845761742
2026-08-19,SAMA,VIZG,panamax,5.83,9,False,11.653767298076433,509.9020504171288
2026-08-20,SAMA,VIZG,panamax,6.98,14,False,11.731556537200408,572.7570492397053
2026-08-21,SAMA,VIZG,panamax,6.2,12,False,9.962665054335645,572.0630153374796
2026-08-22,SAMA,VIZG,panamax,6.56,15,False,12.330379681552952,576.1659781245057
2026-08-23,SAMA,VIZG,panamax,6.06,13,False,12.620860660693607,546.5441911006317
2026-08-24,SAMA,VIZG,panamax,6.32,12,False,11.767409364092158,581.0035894107082
2026-08-25,SAMA,VIZG,panamax,7.25,12,False,10.27201021299655,554.5682072222411
2026-08-26,SAMA,VIZG,panamax,6.24,13,False,9.523571372323483,569.0879281257774
2026-08-27,SAMA,VIZG,panamax,6.43,12,False,17.229129710830165,582.2345670206992
2026-08-28,SAMA,VIZG,panamax,6.55,13,False,10.149902162249894,570.0667697902492
2026-07-24,SAMA,VIZG,supramax,7.45,11,False,8.532595509421897,650.1580325409932
2026-07-25,SAMA,VIZG,supramax,6.62,13,False,10.790408848798599,643.6993625429313
2026-07-26,SAMA,VIZG,supramax,7.05,11,False,10.024194435096625,666.3491743004884
2026-07-27,SAMA,VIZG,supramax,7.93,19,False,10.036170656610073,625.3830005804758
2026-07-28,SAMA,VIZG,supramax,7.06,13,False,9.968554254779612,600.2245213927703
2026-07-29,SAMA,VIZG,supramax,7.43,15,False,10.936280750509752,615.7003025948536
2026-07-30,SAMA,VIZG,supramax,7.48,15,False,11.09721447651673,801.9233444630702
2026-07-31,SAMA,VIZG,supramax,7.12,14,False,11.133974480501895,685.1256561704948
2026-08-01,SAMA,VIZG,supramax,6.4,12,False,11.005306978954769,597.2252481544682
2026-08-02,SAMA,VIZG,supramax,6.54,19,False,12.036001287483806,460.3024253486705
2026-08-03,SAMA,VIZG,supramax,6.52,14,False,12.462820583481014,553.8247891861207
2026-08-04,SAMA,VIZG,supramax,7.07,15,False,9.9181018320691,573.8401285326722
2026-08-05,SAMA,VIZG,supramax,6.65,16,False,7.4964746145001975,660.8233244740196
2026-08-06,SAMA,VIZG,supramax,5.87,16,False,10.256815117255249,538.2291589607162
2026-08-07,SAMA,VIZG,supramax,6.29,16,False,10.551312705068167,507.85381984716355
2026-08-08,SAMA,VIZG,supramax,6.43,13,False,12.855479957010237,678.0639728104558
2026-08-09,SAMA,VIZG,supramax,6.55,15,False,13.036764387919197,573.6813220183258
2026-08-10,SAMA,VIZG,supramax,6.22,15,False,7.082628797881614,597.5506476736691
2026-08-11,SAMA,VIZG,supramax,6.03,14,False,12.488595182507913,448.35294278647814
2026-08-12,SAMA,VIZG,supramax,6.49,15,False,13.729412673382217,470.7183215617164
2026-08-13,SAMA,VIZG,supramax,6.87,16,False,10.757898016405367,549.3890900381006
2026-08-14,SAMA,VIZG,supramax,6.71,15,False,9.263205163699949,558.2667705526875
2026-08-15,SAMA,VIZG,supramax,6.9,15,False,11.732031818297902,586.0103893739373
2026-08-16,SAMA,VIZG,supramax,7.51,15,False,9.412533872326401,635.1381075714971
2026-08-17,SAMA,VIZG,supramax,7.04,27,False,11.229391812863732,575.3012677199996
2026-08-18,SAMA,VIZG,supramax,6.62,19,False,10.790898957534775,439.9290845761742
2026-08-19,SAMA,VIZG,supramax,6.32,9,False,11.653767298076433,509.9020504171288
2026-08-20,SAMA,VIZG,supramax,7.57,14,False,11.731556537200408,572.7570492397053
2026-08-21,SAMA,VIZG,supramax,6.72,12,False,9.962665054335645,572.0630153374796
2026-08-22,SAMA,VIZG,supramax,7.11,15,False,12.330379681552952,576.1659781245057
2026-08-23,SAMA,VIZG,supramax,6.58,13,False,12.620860660693607,546.5441911006317
2026-08-24,SAMA,VIZG,supramax,6.85,12,False,11.767409364092158,581.0035894107082
2026-08-25,SAMA,VIZG,supramax,7.85,12,False,10.27201021299655,554.5682072222411
2026-08-26,SAMA,VIZG,supramax,6.77,13,False,9.523571372323483,569.0879281257774
2026-08-27,SAMA,VIZG,supramax,6.97,12,False,17.229129710830165,582.2345670206992
2026-08-28,SAMA,VIZG,supramax,7.1,13,False,10.149902162249894,570.0667697902492
2026-07-24,VOST,PRDP,capesize,8.25,14,False,61.675702000139346,650.1580325409932
2026-07-25,VOST,PRDP,capesize,7.34,13,False,75.12005550024,643.6993625429313
2026-07-26,VOST,PRDP,capesize,7.82,15,False,69.96558834244749,666.3491743004884
2026-07-27,VOST,PRDP,capesize,8.76,20,False,72.89302095430648,625.3830005804758
2026-07-28,VOST,PRDP,capesize,7.8,14,False,80.36092930892873,600.2245213927703
2026-07-29,VOST,PRDP,capesize,8.21,14,False,78.4041250068078,615.7003025948536
2026-07-30,VOST,PRDP,capesize,8.37,18,False,89.59132218834165,801.9233444630702
2026-07-31,VOST,PRDP,capesize,7.9,19,False,77.69413509588439,685.1256561704948
2026-08-01,VOST,PRDP,capesize,7.07,19,False,84.80784386062614,597.2252481544682
2026-08-02,VOST,PRDP,capesize,7.14,22,False,90.33593625875098,460.3024253486705
2026-08-03,VOST,PRDP,capesize,7.17,21,False,77.49713978773896,553.8247891861207
2026-08-04,VOST,PRDP,capesize,7.78,19,False,57.066082888345754,573.8401285326722
2026-08-05,VOST,PRDP,capesize,7.39,19,False,84.51883722961286,660.8233244740196
2026-08-06,VOST,PRDP,capesize,6.45,17,False,62.46377208611581,538.2291589607162
2026-08-07,VOST,PRDP,capesize,6.9,18,False,83.39870611819867,507.85381984716355
2026-08-08,VOST,PRDP,capesize,7.15,15,False,76.80465170975656,678.0639728104558
2026-08-09,VOST,PRDP,capesize,7.22,18,False,84.48214436744286,573.6813220183258
2026-08-10,VOST,PRDP,capesize,6.87,17,False,117.27596488653344,597.5506476736691
2026-08-11,VOST,PRDP,capesize,6.58,16,False,133.36907663655455,448.35294278647814
2026-08-12,VOST,PRDP,capesize,7.08,19,False,58.29305690708647,470.7183215617164
2026-08-13,VOST,PRDP,capesize,7.56,15,False,46.82808986330246,549.3890900381006
2026-08-14,VOST,PRDP,capesize,7.38,16,False,58.368933967797766,558.2667705526875
2026-08-15,VOST,PRDP,capesize,7.61,14,False,68.11195701321671,586.0103893739373
2026-08-16,VOST,PRDP,capesize,8.31,17,False,96.83579364998084,635.1381075714971
2026-08-17,VOST,PRDP,capesize,7.76,21,False,79.98050200525591,575.3012677199996
2026-08-18,VOST,PRDP,capesize,7.22,18,False,77.22740764684045,439.9290845761742
2026-08-19,VOST,PRDP,capesize,6.93,16,False,101.1428123511009,509.9020504171288
2026-08-20,VOST,PRDP,capesize,8.33,16,False,71.45889370466486,572.7570492397053
2026-08-21,VOST,PRDP,capesize,7.41,18,False,78.25235149435332,572.0630153374796
2026-08-22,VOST,PRDP,capesize,7.83,17,False,59.62243553425518,576.1659781245057
2026-08-23,VOST,PRDP,capesize,7.23,20,False,116.26549872487148,546.5441911006317
2026-08-24,VOST,PRDP,capesize,7.56,18,False,102.92348886337876,581.0035894107082
2026-08-25,VOST,PRDP,capesize,8.63,16,False,80.1833744339851,554.5682072222411
2026-08-26,VOST,PRDP,capesize,7.45,16,False,95.19882912444548,569.0879281257774
2026-08-27,VOST,PRDP,capesize,7.68,17,False,108.74646628120583,582.2345670206992
2026-08-28,VOST,PRDP,capesize,7.82,17,True,92.90472596216736,570.0667697902492
2026-07-24,VOST,PRDP,handysize,16.42,14,False,61.675702000139346,650.1580325409932
2026-07-25,VOST,PRDP,handysize,14.64,13,False,75.12005550024,643.6993625429313
2026-07-26,VOST,PRDP,handysize,15.59,15,False,69.96558834244749,666.3491743004884
2026-07-27,VOST,PRDP,handysize,17.38,20,False,72.89302095430648,625.3830005804758
2026-07-28,VOST,PRDP,handysize,15.49,14,False,80.36092930892873,600.2245213927703
2026-07-29,VOST,PRDP,handysize,16.29,14,False,78.4041250068078,615.7003025948536
2026-07-30,VOST,PRDP,handysize,16.77,18,False,89.59132218834165,801.9233444630702
2026-07-31,VOST,PRDP,handysize,15.77,19,False,77.69413509588439,685.1256561704948
2026-08-01,VOST,PRDP,handysize,14.09,19,False,84.80784386062614,597.2252481544682
2026-08-02,VOST,PRDP,handysize,14.12,22,False,90.33593625875098,460.3024253486705
2026-08-03,VOST,PRDP,handysize,14.26,21,False,77.49713978773896,553.8247891861207
2026-08-04,VOST,PRDP,handysize,15.44,19,False,57.066082888345754,573.8401285326722
2026-08-05,VOST,PRDP,handysize,14.75,19,False,84.51883722961286,660.8233244740196
2026-08-06,VOST,PRDP,handysize,12.84,17,False,62.46377208611581,538.2291589607162
2026-08-07,VOST,PRDP,handysize,13.68,18,False,83.39870611819867,507.85381984716355
2026-08-08,VOST,PRDP,handysize,14.31,15,False,76.80465170975656,678.0639728104558
2026-08-09,VOST,PRDP,handysize,14.36,18,False,84.48214436744286,573.6813220183258
2026-08-10,VOST,PRDP,handysize,13.7,17,False,117.27596488653344,597.5506476736691
2026-08-11,VOST,PRDP,handysize,13.02,16,False,133.36907663655455,448.35294278647814
2026-08-12,VOST,PRDP,handysize,14.01,19,False,58.29305690708647,470.7183215617164
2026-08-13,VOST,PRDP,handysize,14.99,15,False,46.82808986330246,549.3890900381006
2026-08-14,VOST,PRDP,handysize,14.66,16,False,58.368933967797766,558.2667705526875
2026-08-15,VOST,PRDP,handysize,15.13,14,False,68.11195701321671,586.0103893739373
2026-08-16,VOST,PRDP,handysize,16.52,17,False,96.83579364998084,635.1381075714971
2026-08-17,VOST,PRDP,handysize,15.4,21,False,79.98050200525591,575.3012677199996
2026-08-18,VOST,PRDP,handysize,14.25,18,False,77.22740764684045,439.9290845761742
2026-08-19,VOST,PRDP,handysize,13.75,16,False,101.1428123511009,509.9020504171288
2026-08-20,VOST,PRDP,handysize,16.5,16,False,71.45889370466486,572.7570492397053
2026-08-21,VOST,PRDP,handysize,14.72,18,False,78.25235149435332,572.0630153374796
2026-08-22,VOST,PRDP,handysize,15.54,17,False,59.62243553425518,576.1659781245057
2026-08-23,VOST,PRDP,handysize,14.36,20,False,116.26549872487148,546.5441911006317
2026-08-24,VOST,PRDP,handysize,15.02,18,False,102.92348886337876,581.0035894107082
2026-08-25,VOST,PRDP,handysize,17.07,16,False,80.1833744339851,554.5682072222411
2026-08-26,VOST,PRDP,handysize,14.8,16,False,95.19882912444548,569.0879281257774
2026-08-27,VOST,PRDP,handysize,15.26,17,False,108.74646628120583,582.2345670206992
2026-08-28,VOST,PRDP,handysize,15.5,17,True,92.90472596216736,570.0667697902492
2026-07-24,VOST,PRDP,panamax,11.03,14,False,61.675702000139346,650.1580325409932
2026-07-25,VOST,PRDP,panamax,9.83,13,False,75.12005550024,643.6993625429313
2026-07-26,VOST,PRDP,panamax,10.47,15,False,69.96558834244749,666.3491743004884
2026-07-27,VOST,PRDP,panamax,11.7,20,False,72.89302095430648,625.3830005804758
2026-07-28,VOST,PRDP,panamax,10.43,14,False,80.36092930892873,600.2245213927703
2026-07-29,VOST,PRDP,panamax,10.97,14,False,78.4041250068078,615.7003025948536
2026-07-30,VOST,PRDP,panamax,11.23,18,False,89.59132218834165,801.9233444630702
2026-07-31,VOST,PRDP,panamax,10.59,19,False,77.69413509588439,685.1256561704948
2026-08-01,VOST,PRDP,panamax,9.47,19,False,84.80784386062614,597.2252481544682
2026-08-02,VOST,PRDP,panamax,9.53,22,False,90.33593625875098,460.3024253486705
2026-08-03,VOST,PRDP,panamax,9.59,21,False,77.49713978773896,553.8247891861207
2026-08-04,VOST,PRDP,panamax,10.4,19,False,57.066082888345754,573.8401285326722
2026-08-05,VOST,PRDP,panamax,9.9,19,False,84.51883722961286,660.8233244740196
2026-08-06,VOST,PRDP,panamax,8.63,17,False,62.46377208611581,538.2291589607162
2026-08-07,VOST,PRDP,panamax,9.22,18,False,83.39870611819867,507.85381984716355
2026-08-08,VOST,PRDP,panamax,9.6,15,False,76.80465170975656,678.0639728104558
2026-08-09,VOST,PRDP,panamax,9.66,18,False,84.48214436744286,573.6813220183258
2026-08-10,VOST,PRDP,panamax,9.2,17,False,117.27596488653344,597.5506476736691
2026-08-11,VOST,PRDP,panamax,8.78,16,False,133.36907663655455,448.35294278647814
2026-08-12,VOST,PRDP,panamax,9.46,19,False,58.29305690708647,470.7183215617164
2026-08-13,VOST,PRDP,panamax,10.1,15,False,46.82808986330246,549.3890900381006
2026-08-14,VOST,PRDP,panamax,9.87,16,False,58.368933967797766,558.2667705526875
2026-08-15,VOST,PRDP,panamax,10.18,14,False,68.11195701321671,586.0103893739373
2026-08-16,VOST,PRDP,panamax,11.11,17,False,96.83579364998084,635.1381075714971
2026-08-17,VOST,PRDP,panamax,10.37,21,False,79.98050200525591,575.3012677199996
2026-08-18,VOST,PRDP,panamax,9.63,18,False,77.22740764684045,439.9290845761742
2026-08-19,VOST,PRDP,panamax,9.26,16,False,101.1428123511009,509.9020504171288
2026-08-20,VOST,PRDP,panamax,11.12,16,False,71.45889370466486,572.7570492397053
2026-08-21,VOST,PRDP,panamax,9.91,18,False,78.25235149435332,572.0630153374796
2026-08-22,VOST,PRDP,panamax,10.47,17,False,59.62243553425518,576.1659781245057
2026-08-23,VOST,PRDP,panamax,9.66,20,False,116.26549872487148,546.5441911006317
2026-08-24,VOST,PRDP,panamax,10.1,18,False,102.92348886337876,581.0035894107082
2026-08-25,VOST,PRDP,panamax,11.51,16,False,80.1833744339851,554.5682072222411
2026-08-26,VOST,PRDP,panamax,9.96,16,False,95.19882912444548,569.0879281257774
2026-08-27,VOST,PRDP,panamax,10.27,17,False,108.74646628120583,582.2345670206992
2026-08-28,VOST,PRDP,panamax,10.44,17,True,92.90472596216736,570.0667697902492
2026-07-24,VOST,PRDP,supramax,12.06,14,False,61.675702000139346,650.1580325409932
2026-07-25,VOST,PRDP,supramax,10.75,13,False,75.12005550024,643.6993625429313
2026-07-26,VOST,PRDP,supramax,11.45,15,False,69.96558834244749,666.3491743004884
2026-07-27,VOST,PRDP,supramax,12.79,20,False,72.89302095430648,625.3830005804758
2026-07-28,VOST,PRDP,supramax,11.39,14,False,80.36092930892873,600.2245213927703
2026-07-29,VOST,PRDP,supramax,11.98,14,False,78.4041250068078,615.7003025948536
2026-07-30,VOST,PRDP,supramax,12.29,18,False,89.59132218834165,801.9233444630702
2026-07-31,VOST,PRDP,supramax,11.58,19,False,77.69413509588439,685.1256561704948
2026-08-01,VOST,PRDP,supramax,10.35,19,False,84.80784386062614,597.2252481544682
2026-08-02,VOST,PRDP,supramax,10.4,22,False,90.33593625875098,460.3024253486705
2026-08-03,VOST,PRDP,supramax,10.48,21,False,77.49713978773896,553.8247891861207
2026-08-04,VOST,PRDP,supramax,11.36,19,False,57.066082888345754,573.8401285326722
2026-08-05,VOST,PRDP,supramax,10.82,19,False,84.51883722961286,660.8233244740196
2026-08-06,VOST,PRDP,supramax,9.44,17,False,62.46377208611581,538.2291589607162
2026-08-07,VOST,PRDP,supramax,10.07,18,False,83.39870611819867,507.85381984716355
2026-08-08,VOST,PRDP,supramax,10.5,15,False,76.80465170975656,678.0639728104558
2026-08-09,VOST,PRDP,supramax,10.56,18,False,84.48214436744286,573.6813220183258
2026-08-10,VOST,PRDP,supramax,10.06,17,False,117.27596488653344,597.5506476736691
2026-08-11,VOST,PRDP,supramax,9.59,16,False,133.36907663655455,448.35294278647814
2026-08-12,VOST,PRDP,supramax,10.32,19,False,58.29305690708647,470.7183215617164
2026-08-13,VOST,PRDP,supramax,11.03,15,False,46.82808986330246,549.3890900381006
2026-08-14,VOST,PRDP,supramax,10.78,16,False,58.368933967797766,558.2667705526875
2026-08-15,VOST,PRDP,supramax,11.12,14,False,68.11195701321671,586.0103893739373
2026-08-16,VOST,PRDP,supramax,12.14,17,False,96.83579364998084,635.1381075714971
2026-08-17,VOST,PRDP,supramax,11.32,21,False,79.98050200525591,575.3012677199996
2026-08-18,VOST,PRDP,supramax,10.5,18,False,77.22740764684045,439.9290845761742
2026-08-19,VOST,PRDP,supramax,10.11,16,False,101.1428123511009,509.9020504171288
2026-08-20,VOST,PRDP,supramax,12.14,16,False,71.45889370466486,572.7570492397053
2026-08-21,VOST,PRDP,supramax,10.82,18,False,78.25235149435332,572.0630153374796
2026-08-22,VOST,PRDP,supramax,11.43,17,False,59.62243553425518,576.1659781245057
2026-08-23,VOST,PRDP,supramax,10.56,20,False,116.26549872487148,546.5441911006317
2026-08-24,VOST,PRDP,supramax,11.04,18,False,102.92348886337876,581.0035894107082
2026-08-25,VOST,PRDP,supramax,12.57,16,False,80.1833744339851,554.5682072222411
2026-08-26,VOST,PRDP,supramax,10.88,16,False,95.19882912444548,569.0879281257774
2026-08-27,VOST,PRDP,supramax,11.22,17,False,108.74646628120583,582.2345670206992
2026-08-28,VOST,PRDP,supramax,11.41,17,True,92.90472596216736,570.0667697902492
2026-07-24,VOST,VIZG,capesize,8.19,11,False,61.675702000139346,650.1580325409932
2026-07-25,VOST,VIZG,capesize,7.28,13,False,75.12005550024,643.6993625429313
2026-07-26,VOST,VIZG,capesize,7.76,11,False,69.96558834244749,666.3491743004884
2026-07-27,VOST,VIZG,capesize,8.69,19,False,72.89302095430648,625.3830005804758
2026-07-28,VOST,VIZG,capesize,7.73,13,False,80.36092930892873,600.2245213927703
2026-07-29,VOST,VIZG,capesize,8.14,15,False,78.4041250068078,615.7003025948536
2026-07-30,VOST,VIZG,capesize,8.3,15,False,89.59132218834165,801.9233444630702
2026-07-31,VOST,VIZG,capesize,7.84,14,False,77.69413509588439,685.1256561704948
2026-08-01,VOST,VIZG,capesize,7.01,12,False,84.80784386062614,597.2252481544682
2026-08-02,VOST,VIZG,capesize,7.09,19,False,90.33593625875098,460.3024253486705
2026-08-03,VOST,VIZG,capesize,7.12,14,False,77.49713978773896,553.8247891861207
2026-08-04,VOST,VIZG,capesize,7.72,15,False,57.066082888345754,573.8401285326722
2026-08-05,VOST,VIZG,capesize,7.33,16,False,84.51883722961286,660.8233244740196
2026-08-06,VOST,VIZG,capesize,6.39,16,False,62.46377208611581,538.2291589607162
2026-08-07,VOST,VIZG,capesize,6.84,16,False,83.39870611819867,507.85381984716355
2026-08-08,VOST,VIZG,capesize,7.09,13,False,76.80465170975656,678.0639728104558
2026-08-09,VOST,VIZG,capesize,7.16,15,False,84.48214436744286,573.6813220183258
2026-08-10,VOST,VIZG,capesize,6.81,15,False,117.27596488653344,597.5506476736691
2026-08-11,VOST,VIZG,capesize,6.52,14,False,133.36907663655455,448.35294278647814
2026-08-12,VOST,VIZG,capesize,7.03,15,False,58.29305690708647,470.7183215617164
2026-08-13,VOST,VIZG,capesize,7.5,16,False,46.82808986330246,549.3890900381006
2026-08-14,VOST,VIZG,capesize,7.33,15,False,58.368933967797766,558.2667705526875
2026-08-15,VOST,VIZG,capesize,7.55,15,False,68.11195701321671,586.0103893739373
2026-08-16,VOST,VIZG,capesize,8.24,15,False,96.83579364998084,635.1381075714971
2026-08-17,VOST,VIZG,capesize,7.7,27,False,79.98050200525591,575.3012677199996
2026-08-18,VOST,VIZG,capesize,7.16,19,False,77.22740764684045,439.9290845761742
2026-08-19,VOST,VIZG,capesize,6.87,9,False,101.1428123511009,509.9020504171288
2026-08-20,VOST,VIZG,capesize,8.26,14,False,71.45889370466486,572.7570492397053
2026-08-21,VOST,VIZG,capesize,7.35,12,False,78.25235149435332,572.0630153374796
2026-08-22,VOST,VIZG,capesize,7.77,15,False,59.62243553425518,576.1659781245057
2026-08-23,VOST,VIZG,capesize,7.17,13,False,116.26549872487148,546.5441911006317
2026-08-24,VOST,VIZG,capesize,7.49,12,False,102.92348886337876,581.0035894107082
2026-08-25,VOST,VIZG,capesize,8.56,12,False,80.1833744339851,554.5682072222411
2026-08-26,VOST,VIZG,capesize,7.39,13,False,95.19882912444548,569.0879281257774
2026-08-27,VOST,VIZG,capesize,7.62,12,False,108.74646628120583,582.2345670206992
2026-08-28,VOST,VIZG,capesize,7.75,13,True,92.90472596216736,570.0667697902492
2026-07-24,VOST,VIZG,handysize,16.28,11,False,61.675702000139346,650.1580325409932
2026-07-25,VOST,VIZG,handysize,14.52,13,False,75.12005550024,643.6993625429313
2026-07-26,VOST,VIZG,handysize,15.46,11,False,69.96558834244749,666.3491743004884
2026-07-27,VOST,VIZG,handysize,17.24,19,False,72.89302095430648,625.3830005804758
2026-07-28,VOST,VIZG,handysize,15.37,13,False,80.36092930892873,600.2245213927703
2026-07-29,VOST,VIZG,handysize,16.16,15,False,78.4041250068078,615.7003025948536
2026-07-30,VOST,VIZG,handysize,16.62,15,False,89.59132218834165,801.9233444630702
2026-07-31,VOST,VIZG,handysize,15.64,14,False,77.69413509588439,685.1256561704948
2026-08-01,VOST,VIZG,handysize,13.98,12,False,84.80784386062614,597.2252481544682
2026-08-02,VOST,VIZG,handysize,14.0,19,False,90.33593625875098,460.3024253486705
2026-08-03,VOST,VIZG,handysize,14.14,14,False,77.49713978773896,553.8247891861207
2026-08-04,VOST,VIZG,handysize,15.32,15,False,57.066082888345754,573.8401285326722
2026-08-05,VOST,VIZG,handysize,14.62,16,False,84.51883722961286,660.8233244740196
2026-08-06,VOST,VIZG,handysize,12.73,16,False,62.46377208611581,538.2291589607162
2026-08-07,VOST,VIZG,handysize,13.57,16,False,83.39870611819867,507.85381984716355
2026-08-08,VOST,VIZG,handysize,14.19,13,False,76.80465170975656,678.0639728104558
2026-08-09,VOST,VIZG,handysize,14.25,15,False,84.48214436744286,573.6813220183258
2026-08-10,VOST,VIZG,handysize,13.59,15,False,117.27596488653344,597.5506476736691
2026-08-11,VOST,VIZG,handysize,12.91,14,False,133.36907663655455,448.35294278647814
2026-08-12,VOST,VIZG,handysize,13.9,15,False,58.29305690708647,470.7183215617164
2026-08-13,VOST,VIZG,handysize,14.87,16,False,46.82808986330246,549.3890900381006
2026-08-14,VOST,VIZG,handysize,14.54,15,False,58.368933967797766,558.2667705526875
2026-08-15,VOST,VIZG,handysize,15.01,15,False,68.11195701321671,586.0103893739373
2026-08-16,VOST,VIZG,handysize,16.38,15,False,96.83579364998084,635.1381075714971
2026-08-17,VOST,VIZG,handysize,15.28,27,False,79.98050200525591,575.3012677199996
2026-08-18,VOST,VIZG,handysize,14.14,19,False,77.22740764684045,439.9290845761742
2026-08-19,VOST,VIZG,handysize,13.64,9,False,101.1428123511009,509.9020504171288
2026-08-20,VOST,VIZG,handysize,16.37,14,False,71.45889370466486,572.7570492397053
2026-08-21,VOST,VIZG,handysize,14.6,12,False,78.25235149435332,572.0630153374796
2026-08-22,VOST,VIZG,handysize,15.42,15,False,59.62243553425518,576.1659781245057
2026-08-23,VOST,VIZG,handysize,14.24,13,False,116.26549872487148,546.5441911006317
2026-08-24,VOST,VIZG,handysize,14.89,12,False,102.92348886337876,581.0035894107082
2026-08-25,VOST,VIZG,handysize,16.93,12,False,80.1833744339851,554.5682072222411
2026-08-26,VOST,VIZG,handysize,14.68,13,False,95.19882912444548,569.0879281257774
2026-08-27,VOST,VIZG,handysize,15.14,12,False,108.74646628120583,582.2345670206992
2026-08-28,VOST,VIZG,handysize,15.38,13,True,92.90472596216736,570.0667697902492
2026-07-24,VOST,VIZG,panamax,10.95,11,False,61.675702000139346,650.1580325409932
2026-07-25,VOST,VIZG,panamax,9.75,13,False,75.12005550024,643.6993625429313
2026-07-26,VOST,VIZG,panamax,10.39,11,False,69.96558834244749,666.3491743004884
2026-07-27,VOST,VIZG,panamax,11.61,19,False,72.89302095430648,625.3830005804758
2026-07-28,VOST,VIZG,panamax,10.34,13,False,80.36092930892873,600.2245213927703
2026-07-29,VOST,VIZG,panamax,10.88,15,False,78.4041250068078,615.7003025948536
2026-07-30,VOST,VIZG,panamax,11.13,15,False,89.59132218834165,801.9233444630702
2026-07-31,VOST,VIZG,panamax,10.5,14,False,77.69413509588439,685.1256561704948
2026-08-01,VOST,VIZG,panamax,9.39,12,False,84.80784386062614,597.2252481544682
2026-08-02,VOST,VIZG,panamax,9.46,19,False,90.33593625875098,460.3024253486705
2026-08-03,VOST,VIZG,panamax,9.52,14,False,77.49713978773896,553.8247891861207
2026-08-04,VOST,VIZG,panamax,10.32,15,False,57.066082888345754,573.8401285326722
2026-08-05,VOST,VIZG,panamax,9.82,16,False,84.51883722961286,660.8233244740196
2026-08-06,VOST,VIZG,panamax,8.56,16,False,62.46377208611581,538.2291589607162
2026-08-07,VOST,VIZG,panamax,9.15,16,False,83.39870611819867,507.85381984716355
2026-08-08,VOST,VIZG,panamax,9.52,13,False,76.80465170975656,678.0639728104558
2026-08-09,VOST,VIZG,panamax,9.59,15,False,84.48214436744286,573.6813220183258
2026-08-10,VOST,VIZG,panamax,9.13,15,False,117.27596488653344,597.5506476736691
2026-08-11,VOST,VIZG,panamax,8.72,14,False,133.36907663655455,448.35294278647814
2026-08-12,VOST,VIZG,panamax,9.39,15,False,58.29305690708647,470.7183215617164
2026-08-13,VOST,VIZG,panamax,10.02,16,False,46.82808986330246,549.3890900381006
2026-08-14,VOST,VIZG,panamax,9.79,15,False,58.368933967797766,558.2667705526875
2026-08-15,VOST,VIZG,panamax,10.1,15,False,68.11195701321671,586.0103893739373
2026-08-16,VOST,VIZG,panamax,11.02,15,False,96.83579364998084,635.1381075714971
2026-08-17,VOST,VIZG,panamax,10.29,27,False,79.98050200525591,575.3012677199996
2026-08-18,VOST,VIZG,panamax,9.56,19,False,77.22740764684045,439.9290845761742
2026-08-19,VOST,VIZG,panamax,9.19,9,False,101.1428123511009,509.9020504171288
2026-08-20,VOST,VIZG,panamax,11.03,14,False,71.45889370466486,572.7570492397053
2026-08-21,VOST,VIZG,panamax,9.83,12,False,78.25235149435332,572.0630153374796
2026-08-22,VOST,VIZG,panamax,10.38,15,False,59.62243553425518,576.1659781245057
2026-08-23,VOST,VIZG,panamax,9.59,13,False,116.26549872487148,546.5441911006317
2026-08-24,VOST,VIZG,panamax,10.02,12,False,102.92348886337876,581.0035894107082
2026-08-25,VOST,VIZG,panamax,11.42,12,False,80.1833744339851,554.5682072222411
2026-08-26,VOST,VIZG,panamax,9.88,13,False,95.19882912444548,569.0879281257774
2026-08-27,VOST,VIZG,panamax,10.19,12,False,108.74646628120583,582.2345670206992
2026-08-28,VOST,VIZG,panamax,10.36,13,True,92.90472596216736,570.0667697902492
2026-07-24,VOST,VIZG,supramax,11.96,11,False,61.675702000139346,650.1580325409932
2026-07-25,VOST,VIZG,supramax,10.66,13,False,75.12005550024,643.6993625429313
2026-07-26,VOST,VIZG,supramax,11.36,11,False,69.96558834244749,666.3491743004884
2026-07-27,VOST,VIZG,supramax,12.68,19,False,72.89302095430648,625.3830005804758
2026-07-28,VOST,VIZG,supramax,11.3,13,False,80.36092930892873,600.2245213927703
2026-07-29,VOST,VIZG,supramax,11.89,15,False,78.4041250068078,615.7003025948536
2026-07-30,VOST,VIZG,supramax,12.19,15,False,89.59132218834165,801.9233444630702
2026-07-31,VOST,VIZG,supramax,11.48,14,False,77.69413509588439,685.1256561704948
2026-08-01,VOST,VIZG,supramax,10.27,12,False,84.80784386062614,597.2252481544682
2026-08-02,VOST,VIZG,supramax,10.32,19,False,90.33593625875098,460.3024253486705
2026-08-03,VOST,VIZG,supramax,10.4,14,False,77.49713978773896,553.8247891861207
2026-08-04,VOST,VIZG,supramax,11.27,15,False,57.066082888345754,573.8401285326722
2026-08-05,VOST,VIZG,supramax,10.73,16,False,84.51883722961286,660.8233244740196
2026-08-06,VOST,VIZG,supramax,9.36,16,False,62.46377208611581,538.2291589607162
2026-08-07,VOST,VIZG,supramax,9.99,16,False,83.39870611819867,507.85381984716355
2026-08-08,VOST,VIZG,supramax,10.41,13,False,76.80465170975656,678.0639728104558
2026-08-09,VOST,VIZG,supramax,10.47,15,False,84.48214436744286,573.6813220183258
2026-08-10,VOST,VIZG,supramax,9.98,15,False,117.27596488653344,597.5506476736691
2026-08-11,VOST,VIZG,supramax,9.51,14,False,133.36907663655455,448.35294278647814
2026-08-12,VOST,VIZG,supramax,10.24,15,False,58.29305690708647,470.7183215617164
2026-08-13,VOST,VIZG,supramax,10.94,16,False,46.82808986330246,549.3890900381006
2026-08-14,VOST,VIZG,supramax,10.7,15,False,58.368933967797766,558.2667705526875
2026-08-15,VOST,VIZG,supramax,11.03,15,False,68.11195701321671,586.0103893739373
2026-08-16,VOST,VIZG,supramax,12.04,15,False,96.83579364998084,635.1381075714971
2026-08-17,VOST,VIZG,supramax,11.23,27,False,79.98050200525591,575.3012677199996
2026-08-18,VOST,VIZG,supramax,10.42,19,False,77.22740764684045,439.9290845761742
2026-08-19,VOST,VIZG,supramax,10.03,9,False,101.1428123511009,509.9020504171288
2026-08-20,VOST,VIZG,supramax,12.05,14,False,71.45889370466486,572.7570492397053
2026-08-21,VOST,VIZG,supramax,10.74,12,False,78.25235149435332,572.0630153374796
2026-08-22,VOST,VIZG,supramax,11.34,15,False,59.62243553425518,576.1659781245057
2026-08-23,VOST,VIZG,supramax,10.47,13,False,116.26549872487148,546.5441911006317
2026-08-24,VOST,VIZG,supramax,10.95,12,False,102.92348886337876,581.0035894107082
2026-08-25,VOST,VIZG,supramax,12.47,12,False,80.1833744339851,554.5682072222411
2026-08-26,VOST,VIZG,supramax,10.8,13,False,95.19882912444548,569.0879281257774
2026-08-27,VOST,VIZG,supramax,11.13,12,False,108.74646628120583,582.2345670206992
2026-08-28,VOST,VIZG,supramax,11.32,13,True,92.90472596216736,570.0667697902492
